covariate,treated_n,control_n,treated_mean,control_mean,difference,difference_se,standardized_mean_difference,standardized_mean_difference_se,smd_ci_lower,smd_ci_upper,welch_t,welch_p
lineup_sequence_proxy,12592,2635,1.2962992376111817,1.27438330170778,0.021915935903401795,0.011756949245417024,0.039432564985018716,0.021153861153313216,-0.0020290028754751874,0.08089413284551261,1.8640835684431354,0.06238473866783599
at_bat_number,12592,2635,37.5983958068615,38.58330170777989,-0.9849059009183918,0.48888645939917846,-0.043440038737956946,0.021562716514298377,-0.08570296310598177,-0.0011771143699321265,-2.0145902632050823,0.04401852147133204
pitch_number,12592,2635,3.3193297331639138,3.2971537001897535,0.022176032974160265,0.04024655711311427,0.011798497390743781,0.02141270711667853,-0.030170408557946136,0.0537674033394337,0.5510044725523675,0.5816628299479049
inning,12592,2635,4.824253494282084,4.954459203036053,-0.13020570875396853,0.05585439069532729,-0.050153614991738545,0.02151441463925988,-0.09232186768468792,-0.007985362298789177,-2.3311633540899295,0.01979699984941335
launch_speed,12592,2635,102.03294155019059,99.70360531309298,2.329336237097607,0.08744057068707846,0.5734842047837614,0.021527929436584894,0.531289463088055,0.6156789464794677,26.63907861984969,1.9680807392233188e-143
launch_angle,12592,2635,28.672331639135958,29.921821631878558,-1.2494899927425998,0.11328984472526987,-0.24679906428321746,0.02237699207947754,-0.2906579687589934,-0.20294015980744148,-11.029143836966481,7.868657426612841e-28
release_spin_rate,12394,2594,2223.402694852348,2206.072860447186,17.32983440516182,6.849489372031546,0.05472987295199102,0.02163157906492407,0.01233197798473984,0.0971277679192422,2.530091436585706,0.011443953298427994
outs_when_up,12592,2635,0.946076874205845,0.9165085388994307,0.02956833530641423,0.017397316942565008,0.03630036759120041,0.021358287288453865,-0.005561875494169165,0.07816261067656999,1.6995916901456853,0.08928874640858783
runners_on,12592,2635,0.4158989834815756,0.4235294117647059,-0.007630428283130264,0.010582357056022838,-0.015460166644539827,0.02144112984324106,-0.05748478113729231,0.02656444784821265,-0.7210518642240942,0.47092184475204
home_score,12592,2635,2.2253017789072427,2.227703984819734,-0.0024022059124915174,0.055783926440526294,-0.0009163656312483456,0.021279804824543603,-0.04262478308735381,0.040792051824857116,-0.043062689662991274,0.9656537833202169
away_score,12592,2635,2.310038119440915,2.3658444022770397,-0.055806282836124765,0.05818301121780008,-0.020635343551401925,0.02151418020189623,-0.06280313674711854,0.021532449644314687,-0.9591508185649181,0.33754404574201247
bat_score,12592,2635,2.276286531130877,2.262618595825427,0.013667935305449852,0.05561656849637012,0.005234836579018252,0.021301216362078036,-0.0365155474906547,0.0469852206486912,0.24575294152392568,0.8058865501068532
fld_score,12592,2635,2.259053367217281,2.3309297912713474,-0.07187642405406658,0.058368797167359196,-0.026468805874549604,0.02149456350515788,-0.06859815034465905,0.01566053859555984,-1.2314186267703506,0.21824271258648223
score_diff,12592,2635,0.017233163913595934,-0.0683111954459203,0.08554435935951624,0.06920521559654476,0.026166485959053937,0.021168634796711973,-0.015324038242501531,0.0676570101606094,1.2360969996571656,0.2164967495783767
bat_win_exp,12592,2635,0.5200104828462516,0.5110861480075901,0.008924334838661507,0.0062596239151113085,0.030532944071122062,0.021416133567554153,-0.011442677721284076,0.0725085658635282,1.425698246362268,0.1540371906553251
home_win_exp,12592,2635,0.5127156925031766,0.5090565464895636,0.003659146013613057,0.006262377561216044,0.012508851999967754,0.02140804269349777,-0.029450911679287872,0.054468615679223384,0.5843061964635865,0.5590488101677762
n_thruorder_pitcher,12592,2635,1.5671060991105463,1.5430740037950663,0.024032095315480007,0.016225424136913868,0.03170676337466196,0.021407025771542937,-0.010251007137562197,0.07366453388688612,1.4811381886039865,0.1386521787069204
release_speed,12592,2635,89.07144218551461,89.72311195445921,-0.6516697689446005,0.12010999572255802,-0.11403412947751049,0.02101776000128339,-0.15522893908002594,-0.07283931987499503,-5.425608127152813,6.1203560751541e-08
effective_speed,12573,2634,88.95209576075719,89.62760060744115,-0.6755048466839639,0.12458503544060948,-0.1139004237682684,0.02100693785030547,-0.1550740219548671,-0.07272682558166968,-5.422038403689194,6.242337222228986e-08
plate_x,12591,2634,-0.015206153250461806,0.07764347792727559,-0.0928496311777374,0.009193624595143383,-0.21761611475152964,0.021547537017668976,-0.25984928730616086,-0.17538294219689846,-10.099349850197937,1.1093268648000617e-23
plate_z,12591,2634,2.469795258767329,2.4827927407138244,-0.012997481946495526,0.010850291992608096,-0.025779798012014202,0.021520963606049208,-0.06796088667987066,0.016401290655842247,-1.1978923659704486,0.2310339984723138
pfx_x,12591,2634,-0.14259550472559765,-0.1576044039483675,0.01500889922276985,0.018220623247855793,0.017627124793995086,0.021399117619969585,-0.0243151457411453,0.05956939532913547,0.8237313849588598,0.4101435648909032
pfx_z,12591,2634,0.7732030815661982,0.8198974943052393,-0.04669441273904107,0.014274895010719742,-0.06926332012258452,0.02117440963160662,-0.11076516300053349,-0.02776147724463554,-3.2710862464470574,0.0010806517617138896
zone,12591,2634,5.7153522357239295,5.955960516324981,-0.24060828060105166,0.06406804058107166,-0.08114721972524802,0.021607499764393415,-0.12349791926345911,-0.03879652018703693,-3.7555117718417828,0.00017561194368689867
