covariate,level,treated_rate,control_rate,difference,standardized_difference,omnibus_chi2,omnibus_dof,omnibus_p
inning_topbot,Bot,0.520685799478196,0.46919431279620855,0.0514914866819875,0.10312506339605407,3.6667754354273345,1,0.05550747519283421
inning_topbot,Top,0.47931420052180396,0.5308056872037915,-0.05149148668198755,-0.10312506339605418,3.6667754354273345,1,0.05550747519283421
stand,L,0.3935892657472978,0.41706161137440756,-0.02347234562710976,-0.047823240681422734,0.7441767598095644,1,0.3883261892755743
stand,R,0.6064107342527022,0.5829383886255924,0.02347234562710976,0.047823240681422734,0.7441767598095644,1,0.3883261892755743
p_throws,L,0.26127469250838614,0.22748815165876776,0.03378654084961838,0.07868540302413693,2.0081769767387128,1,0.15645322153775762
p_throws,R,0.7387253074916139,0.7725118483412322,-0.033786540849618296,-0.07868540302413674,2.0081769767387128,1,0.15645322153775762
pitch_type,<missing>,0.0003727171077152441,0.0,0.0003727171077152441,0.027307730683968013,20.675626916182264,14,0.1102384904163449
pitch_type,CH,0.10286992172940738,0.08530805687203792,0.017561864857369464,0.06018038759022599,20.675626916182264,14,0.1102384904163449
pitch_type,CS,0.0,0.002369668246445498,-0.002369668246445498,-0.06892455167955777,20.675626916182264,14,0.1102384904163449
pitch_type,CU,0.05478941483414089,0.04265402843601896,0.01213538639812193,0.05639116507237726,20.675626916182264,14,0.1102384904163449
pitch_type,EP,0.0003727171077152441,0.0,0.0003727171077152441,0.027307730683968013,20.675626916182264,14,0.1102384904163449
pitch_type,FA,0.0022363026462914647,0.0,0.0022363026462914647,0.06695244438770127,20.675626916182264,14,0.1102384904163449
pitch_type,FC,0.07417070443533358,0.06398104265402843,0.010189661781305148,0.040190842033248304,20.675626916182264,14,0.1102384904163449
pitch_type,FF,0.39657100260901973,0.45023696682464454,-0.053665964215624806,-0.10877447985165532,20.675626916182264,14,0.1102384904163449
pitch_type,FS,0.016772269847185987,0.016587677725118485,0.00018459212206750272,0.001441345681880091,20.675626916182264,14,0.1102384904163449
pitch_type,KC,0.015654118524040254,0.023696682464454975,-0.008042563940414721,-0.057933518760832296,20.675626916182264,14,0.1102384904163449
pitch_type,KN,0.0018635855385762206,0.0,0.0018635855385762206,0.06110752775004223,20.675626916182264,14,0.1102384904163449
pitch_type,SI,0.1654863958255684,0.18009478672985782,-0.01460839090428942,-0.03864698962461632,20.675626916182264,14,0.1102384904163449
pitch_type,SL,0.1427506522549385,0.12559241706161137,0.017158235193327126,0.05035749451385727,20.675626916182264,14,0.1102384904163449
pitch_type,ST,0.023853894893775623,0.009478672985781991,0.014375221907993632,0.11246834424404331,20.675626916182264,14,0.1102384904163449
pitch_type,SV,0.0022363026462914647,0.0,0.0022363026462914647,0.06695244438770127,20.675626916182264,14,0.1102384904163449
pitch_name,4-Seam Fastball,0.39657100260901973,0.45023696682464454,-0.053665964215624806,-0.10877447985165532,20.675626916182257,14,0.11023849041634502
pitch_name,<missing>,0.0003727171077152441,0.0,0.0003727171077152441,0.027307730683968013,20.675626916182257,14,0.11023849041634502
pitch_name,Changeup,0.10286992172940738,0.08530805687203792,0.017561864857369464,0.06018038759022599,20.675626916182257,14,0.11023849041634502
pitch_name,Curveball,0.05478941483414089,0.04265402843601896,0.01213538639812193,0.05639116507237726,20.675626916182257,14,0.11023849041634502
pitch_name,Cutter,0.07417070443533358,0.06398104265402843,0.010189661781305148,0.040190842033248304,20.675626916182257,14,0.11023849041634502
pitch_name,Eephus,0.0003727171077152441,0.0,0.0003727171077152441,0.027307730683968013,20.675626916182257,14,0.11023849041634502
pitch_name,Knuckle Curve,0.015654118524040254,0.023696682464454975,-0.008042563940414721,-0.057933518760832296,20.675626916182257,14,0.11023849041634502
pitch_name,Knuckleball,0.0018635855385762206,0.0,0.0018635855385762206,0.06110752775004223,20.675626916182257,14,0.11023849041634502
pitch_name,Other,0.0022363026462914647,0.0,0.0022363026462914647,0.06695244438770127,20.675626916182257,14,0.11023849041634502
pitch_name,Sinker,0.1654863958255684,0.18009478672985782,-0.01460839090428942,-0.03864698962461632,20.675626916182257,14,0.11023849041634502
pitch_name,Slider,0.1427506522549385,0.12559241706161137,0.017158235193327126,0.05035749451385727,20.675626916182257,14,0.11023849041634502
pitch_name,Slow Curve,0.0,0.002369668246445498,-0.002369668246445498,-0.06892455167955777,20.675626916182257,14,0.11023849041634502
pitch_name,Slurve,0.0022363026462914647,0.0,0.0022363026462914647,0.06695244438770127,20.675626916182257,14,0.11023849041634502
pitch_name,Split-Finger,0.016772269847185987,0.016587677725118485,0.00018459212206750272,0.001441345681880091,20.675626916182257,14,0.11023849041634502
pitch_name,Sweeper,0.023853894893775623,0.009478672985781991,0.014375221907993632,0.11246834424404331,20.675626916182257,14,0.11023849041634502
if_fielding_alignment,<missing>,0.008199776369735371,0.018957345971563982,-0.010757569601828611,-0.09305197178491409,7.384873585853502,4,0.11689434652040327
if_fielding_alignment,Infield shade,0.0887066716362281,0.07109004739336493,0.01761662424286317,0.06500775268238286,7.384873585853502,4,0.11689434652040327
if_fielding_alignment,Infield shift,0.21505777115169586,0.1895734597156398,0.025484311436056062,0.06346893781615678,7.384873585853502,4,0.11689434652040327
if_fielding_alignment,Standard,0.6313827804696236,0.6587677725118484,-0.027384992042224776,-0.05725549633387144,7.384873585853502,4,0.11689434652040327
if_fielding_alignment,Strategic,0.05665300037271711,0.061611374407582936,-0.004958374034865827,-0.021022627614205303,7.384873585853502,4,0.11689434652040327
of_fielding_alignment,4th outfielder,0.0003727171077152441,0.0,0.0003727171077152441,0.027307730683968013,6.468531471109391,3,0.09091184065515868
of_fielding_alignment,<missing>,0.008199776369735371,0.018957345971563982,-0.010757569601828611,-0.09305197178491409,6.468531471109391,3,0.09091184065515868
of_fielding_alignment,Standard,0.934401789042117,0.9075829383886256,0.026818850653491433,0.09954395124358323,6.468531471109391,3,0.09091184065515868
of_fielding_alignment,Strategic,0.05702571748043235,0.07345971563981042,-0.01643399815937807,-0.06658376194957093,6.468531471109391,3,0.09091184065515868
