sample,window_ft,n,home_runs,controls,home_run_share,max_abs_numeric_smd,numeric_covariates_abs_smd_ge_0_1,categorical_tests_p_lt_0_05
Full sample,1.0,2726,187,2539,0.0685986793837124,1.167799972790091,4,2
Full sample,2.0,5486,367,5119,0.06689755741888444,1.1673976633187753,3,2
Full sample,5.0,13804,955,12849,0.06918284555201391,1.2591327892754898,4,1
LA <= HR median (29 deg),1.0,1133,136,997,0.12003530450132392,0.9082120362382874,6,2
LA <= HR median (29 deg),2.0,2285,276,2009,0.12078774617067833,0.889099713052228,4,0
LA <= HR median (29 deg),5.0,5706,728,4978,0.1275849982474588,0.9999025183913473,3,2
LA <= HR Q1 (26 deg),1.0,630,86,544,0.1365079365079365,0.7873501826653988,10,2
LA <= HR Q1 (26 deg),2.0,1293,161,1132,0.12451662799690642,0.7677675446205254,3,2
LA <= HR Q1 (26 deg),5.0,3238,454,2784,0.14021000617665225,0.8697079476723999,2,1
