sample,window_ft,covariate,level,treated_rate,control_rate,difference,standardized_difference,omnibus_chi2,omnibus_dof,omnibus_p
Full sample,1.0,inning_topbot,Bot,0.44919786096256686,0.48916896415911776,-0.039971103196550894,-0.08015878087662318,0.9596553291709906,1,0.32727373263282594
Full sample,1.0,inning_topbot,Top,0.5508021390374331,0.5108310358408822,0.03997110319655095,0.08015878087662329,0.9596553291709906,1,0.32727373263282594
Full sample,1.0,stand,L,0.42245989304812837,0.42812130760141787,-0.005661414553289501,-0.011451570041546275,0.005541535909770104,1,0.9406590935748614
Full sample,1.0,stand,R,0.5775401069518716,0.5718786923985821,0.005661414553289501,0.011451570041546275,0.005541535909770104,1,0.9406590935748614
Full sample,1.0,p_throws,L,0.2727272727272727,0.2772745175265853,-0.004547244799312566,-0.010183994971994065,0.002444635441102909,1,0.9605660579820231
Full sample,1.0,p_throws,R,0.7272727272727273,0.7227254824734147,0.004547244799312566,0.010183994971994065,0.002444635441102909,1,0.9605660579820231
Full sample,1.0,pitch_type,CH,0.1497326203208556,0.10712879086254432,0.04260382945831129,0.12759842435371818,33.40683349702833,14,0.0025160588722874595
Full sample,1.0,pitch_type,CS,0.0,0.00039385584875935406,-0.00039385584875935406,-0.028071730702217298,33.40683349702833,14,0.0025160588722874595
Full sample,1.0,pitch_type,CU,0.026737967914438502,0.055927530523828275,-0.029189562609389774,-0.1470337239580486,33.40683349702833,14,0.0025160588722874595
Full sample,1.0,pitch_type,EP,0.0,0.00039385584875935406,-0.00039385584875935406,-0.028071730702217298,33.40683349702833,14,0.0025160588722874595
Full sample,1.0,pitch_type,FA,0.0,0.0023631350925561244,-0.0023631350925561244,-0.0688292485501698,33.40683349702833,14,0.0025160588722874595
Full sample,1.0,pitch_type,FC,0.0748663101604278,0.0626230799527373,0.012243230207690498,0.04840265535864382,33.40683349702833,14,0.0025160588722874595
Full sample,1.0,pitch_type,FF,0.33689839572192515,0.40094525403702247,-0.06404685831509732,-0.13302940902347607,33.40683349702833,14,0.0025160588722874595
Full sample,1.0,pitch_type,FO,0.0053475935828877,0.0,0.0053475935828877,0.10369516947304253,33.40683349702833,14,0.0025160588722874595
Full sample,1.0,pitch_type,FS,0.0213903743315508,0.01732965734541158,0.004060716986139221,0.029474213492239634,33.40683349702833,14,0.0025160588722874595
Full sample,1.0,pitch_type,KC,0.0,0.013784954706577392,-0.013784954706577392,-0.16719830012740922,33.40683349702833,14,0.0025160588722874595
Full sample,1.0,pitch_type,KN,0.0053475935828877,0.0007877116975187081,0.004559881885368992,0.0825252902419152,33.40683349702833,14,0.0025160588722874595
Full sample,1.0,pitch_type,SI,0.21390374331550802,0.17093343836155966,0.04297030495394835,0.10916861013604306,33.40683349702833,14,0.0025160588722874595
Full sample,1.0,pitch_type,SL,0.11764705882352941,0.14060653800708942,-0.022959479183560005,-0.06850637738579225,33.40683349702833,14,0.0025160588722874595
Full sample,1.0,pitch_type,ST,0.0427807486631016,0.02323749507680189,0.01954325358629971,0.10955173128006748,33.40683349702833,14,0.0025160588722874595
Full sample,1.0,pitch_type,SV,0.0053475935828877,0.0035447026388341868,0.0018028909440535134,0.02710097925729871,33.40683349702833,14,0.0025160588722874595
Full sample,1.0,pitch_name,4-Seam Fastball,0.33689839572192515,0.40094525403702247,-0.06404685831509732,-0.13302940902347607,33.40683349702833,14,0.0025160588722874595
Full sample,1.0,pitch_name,Changeup,0.1497326203208556,0.10712879086254432,0.04260382945831129,0.12759842435371818,33.40683349702833,14,0.0025160588722874595
Full sample,1.0,pitch_name,Curveball,0.026737967914438502,0.055927530523828275,-0.029189562609389774,-0.1470337239580486,33.40683349702833,14,0.0025160588722874595
Full sample,1.0,pitch_name,Cutter,0.0748663101604278,0.0626230799527373,0.012243230207690498,0.04840265535864382,33.40683349702833,14,0.0025160588722874595
Full sample,1.0,pitch_name,Eephus,0.0,0.00039385584875935406,-0.00039385584875935406,-0.028071730702217298,33.40683349702833,14,0.0025160588722874595
Full sample,1.0,pitch_name,Forkball,0.0053475935828877,0.0,0.0053475935828877,0.10369516947304253,33.40683349702833,14,0.0025160588722874595
Full sample,1.0,pitch_name,Knuckle Curve,0.0,0.013784954706577392,-0.013784954706577392,-0.16719830012740922,33.40683349702833,14,0.0025160588722874595
Full sample,1.0,pitch_name,Knuckleball,0.0053475935828877,0.0007877116975187081,0.004559881885368992,0.0825252902419152,33.40683349702833,14,0.0025160588722874595
Full sample,1.0,pitch_name,Other,0.0,0.0023631350925561244,-0.0023631350925561244,-0.0688292485501698,33.40683349702833,14,0.0025160588722874595
Full sample,1.0,pitch_name,Sinker,0.21390374331550802,0.17093343836155966,0.04297030495394835,0.10916861013604306,33.40683349702833,14,0.0025160588722874595
Full sample,1.0,pitch_name,Slider,0.11764705882352941,0.14060653800708942,-0.022959479183560005,-0.06850637738579225,33.40683349702833,14,0.0025160588722874595
Full sample,1.0,pitch_name,Slow Curve,0.0,0.00039385584875935406,-0.00039385584875935406,-0.028071730702217298,33.40683349702833,14,0.0025160588722874595
Full sample,1.0,pitch_name,Slurve,0.0053475935828877,0.0035447026388341868,0.0018028909440535134,0.02710097925729871,33.40683349702833,14,0.0025160588722874595
Full sample,1.0,pitch_name,Split-Finger,0.0213903743315508,0.01732965734541158,0.004060716986139221,0.029474213492239634,33.40683349702833,14,0.0025160588722874595
Full sample,1.0,pitch_name,Sweeper,0.0427807486631016,0.02323749507680189,0.01954325358629971,0.10955173128006748,33.40683349702833,14,0.0025160588722874595
Full sample,1.0,if_fielding_alignment,<missing>,0.0106951871657754,0.006301693580149665,0.0043934935856257355,0.04787602398890562,0.520792213159563,4,0.9714455445267232
Full sample,1.0,if_fielding_alignment,Infield shade,0.0748663101604278,0.07601417881055533,-0.0011478686501275315,-0.004346344877016109,0.520792213159563,4,0.9714455445267232
Full sample,1.0,if_fielding_alignment,Infield shift,0.18716577540106952,0.18983851910200866,-0.0026727437009391453,-0.006833733078603685,0.520792213159563,4,0.9714455445267232
Full sample,1.0,if_fielding_alignment,Standard,0.6631016042780749,0.6644348168570303,-0.0013332125789554672,-0.002822098867122214,0.520792213159563,4,0.9714455445267232
Full sample,1.0,if_fielding_alignment,Strategic,0.06417112299465241,0.06341079165025601,0.0007603313443964033,0.003111268158533091,0.520792213159563,4,0.9714455445267232
Full sample,1.0,of_fielding_alignment,4th outfielder,0.0,0.00039385584875935406,-0.00039385584875935406,-0.028071730702217298,2.33695213078091,3,0.5054788444159604
Full sample,1.0,of_fielding_alignment,<missing>,0.0106951871657754,0.006301693580149665,0.0043934935856257355,0.04787602398890562,2.33695213078091,3,0.5054788444159604
Full sample,1.0,of_fielding_alignment,Standard,0.9411764705882353,0.918865695155573,0.022310775432662244,0.08753873421604591,2.33695213078091,3,0.5054788444159604
Full sample,1.0,of_fielding_alignment,Strategic,0.0481283422459893,0.07443875541551792,-0.026310413169528618,-0.10986079126604177,2.33695213078091,3,0.5054788444159604
Full sample,2.0,inning_topbot,Bot,0.4659400544959128,0.4995116233639383,-0.03357156886802548,-0.06722118101303899,1.4125031965175157,1,0.2346412924982402
Full sample,2.0,inning_topbot,Top,0.5340599455040872,0.5004883766360617,0.03357156886802548,0.06722118101303899,1.4125031965175157,1,0.2346412924982402
Full sample,2.0,stand,L,0.4087193460490463,0.428599335807775,-0.019879989758728678,-0.04030496838183761,0.47480854755543667,1,0.4907832895727431
Full sample,2.0,stand,R,0.5912806539509536,0.571400664192225,0.019879989758728622,0.040304968381837496,0.47480854755543667,1,0.4907832895727431
Full sample,2.0,p_throws,L,0.2670299727520436,0.27036530572377415,-0.0033353329717305535,-0.007524226439262706,0.006107839599933258,1,0.9377066118351289
Full sample,2.0,p_throws,R,0.7329700272479565,0.7296346942762258,0.003335332971730609,0.007524226439262832,0.006107839599933258,1,0.9377066118351289
Full sample,2.0,pitch_type,CH,0.14713896457765668,0.10607540535260793,0.04106355922504876,0.1237234480073046,28.71093699593536,15,0.017519572843147094
Full sample,2.0,pitch_type,CS,0.0,0.0001953506544246923,-0.0001953506544246923,-0.019768096709561138,28.71093699593536,15,0.017519572843147094
Full sample,2.0,pitch_type,CU,0.043596730245231606,0.05684704043758547,-0.013250310192353863,-0.06069715965773636,28.71093699593536,15,0.017519572843147094
Full sample,2.0,pitch_type,EP,0.0,0.0007814026176987692,-0.0007814026176987692,-0.03954778591121105,28.71093699593536,15,0.017519572843147094
Full sample,2.0,pitch_type,FA,0.0027247956403269754,0.0017581558898222308,0.0009666397505047445,0.02044125638687774,28.71093699593536,15,0.017519572843147094
Full sample,2.0,pitch_type,FC,0.07629427792915532,0.06583317054112131,0.010461107388034005,0.04072402826123872,28.71093699593536,15,0.017519572843147094
Full sample,2.0,pitch_type,FF,0.335149863760218,0.403203750732565,-0.06805388697234699,-0.14137225500525774,28.71093699593536,15,0.017519572843147094
Full sample,2.0,pitch_type,FO,0.0027247956403269754,0.0,0.0027247956403269754,0.07392212709545729,28.71093699593536,15,0.017519572843147094
Full sample,2.0,pitch_type,FS,0.01907356948228883,0.016409454971674155,0.0026641145106146742,0.020182120102559143,28.71093699593536,15,0.017519572843147094
Full sample,2.0,pitch_type,KC,0.010899182561307902,0.014651299081851924,-0.0037521165205440226,-0.03341522244250876,28.71093699593536,15,0.017519572843147094
Full sample,2.0,pitch_type,KN,0.0027247956403269754,0.0017581558898222308,0.0009666397505047445,0.02044125638687774,28.71093699593536,15,0.017519572843147094
Full sample,2.0,pitch_type,SC,0.0,0.0001953506544246923,-0.0001953506544246923,-0.019768096709561138,28.71093699593536,15,0.017519572843147094
Full sample,2.0,pitch_type,SI,0.2016348773841962,0.16858761476850948,0.03304726261568672,0.08516542562274299,28.71093699593536,15,0.017519572843147094
Full sample,2.0,pitch_type,SL,0.12806539509536785,0.1344012502441883,-0.006335855148820457,-0.01876509274362491,28.71093699593536,15,0.017519572843147094
Full sample,2.0,pitch_type,ST,0.02452316076294278,0.025590935729634695,-0.0010677749666919145,-0.006831683089811364,28.71093699593536,15,0.017519572843147094
Full sample,2.0,pitch_type,SV,0.005449591280653951,0.003711662434069154,0.0017379288465847968,0.025739639107693748,28.71093699593536,15,0.017519572843147094
Full sample,2.0,pitch_name,4-Seam Fastball,0.335149863760218,0.403203750732565,-0.06805388697234699,-0.14137225500525774,28.710936995935356,15,0.017519572843147136
Full sample,2.0,pitch_name,Changeup,0.14713896457765668,0.10607540535260793,0.04106355922504876,0.1237234480073046,28.710936995935356,15,0.017519572843147136
Full sample,2.0,pitch_name,Curveball,0.043596730245231606,0.05684704043758547,-0.013250310192353863,-0.06069715965773636,28.710936995935356,15,0.017519572843147136
Full sample,2.0,pitch_name,Cutter,0.07629427792915532,0.06583317054112131,0.010461107388034005,0.04072402826123872,28.710936995935356,15,0.017519572843147136
Full sample,2.0,pitch_name,Eephus,0.0,0.0007814026176987692,-0.0007814026176987692,-0.03954778591121105,28.710936995935356,15,0.017519572843147136
Full sample,2.0,pitch_name,Forkball,0.0027247956403269754,0.0,0.0027247956403269754,0.07392212709545729,28.710936995935356,15,0.017519572843147136
Full sample,2.0,pitch_name,Knuckle Curve,0.010899182561307902,0.014651299081851924,-0.0037521165205440226,-0.03341522244250876,28.710936995935356,15,0.017519572843147136
Full sample,2.0,pitch_name,Knuckleball,0.0027247956403269754,0.0017581558898222308,0.0009666397505047445,0.02044125638687774,28.710936995935356,15,0.017519572843147136
Full sample,2.0,pitch_name,Other,0.0027247956403269754,0.0017581558898222308,0.0009666397505047445,0.02044125638687774,28.710936995935356,15,0.017519572843147136
Full sample,2.0,pitch_name,Screwball,0.0,0.0001953506544246923,-0.0001953506544246923,-0.019768096709561138,28.710936995935356,15,0.017519572843147136
Full sample,2.0,pitch_name,Sinker,0.2016348773841962,0.16858761476850948,0.03304726261568672,0.08516542562274299,28.710936995935356,15,0.017519572843147136
Full sample,2.0,pitch_name,Slider,0.12806539509536785,0.1344012502441883,-0.006335855148820457,-0.01876509274362491,28.710936995935356,15,0.017519572843147136
Full sample,2.0,pitch_name,Slow Curve,0.0,0.0001953506544246923,-0.0001953506544246923,-0.019768096709561138,28.710936995935356,15,0.017519572843147136
Full sample,2.0,pitch_name,Slurve,0.005449591280653951,0.003711662434069154,0.0017379288465847968,0.025739639107693748,28.710936995935356,15,0.017519572843147136
Full sample,2.0,pitch_name,Split-Finger,0.01907356948228883,0.016409454971674155,0.0026641145106146742,0.020182120102559143,28.710936995935356,15,0.017519572843147136
Full sample,2.0,pitch_name,Sweeper,0.02452316076294278,0.025590935729634695,-0.0010677749666919145,-0.006831683089811364,28.710936995935356,15,0.017519572843147136
Full sample,2.0,if_fielding_alignment,<missing>,0.008174386920980926,0.007227974213713616,0.0009464127072673096,0.010826473952487597,0.8811922484683262,4,0.9272434549962604
Full sample,2.0,if_fielding_alignment,Infield shade,0.07084468664850137,0.07579605391678063,-0.004951367268279258,-0.018996237786615258,0.8811922484683262,4,0.9272434549962604
Full sample,2.0,if_fielding_alignment,Infield shift,0.1907356948228883,0.18616917366673177,0.004566521156156522,0.011677100301671213,0.8811922484683262,4,0.9272434549962604
Full sample,2.0,if_fielding_alignment,Standard,0.6757493188010899,0.665364328970502,0.010384989830587887,0.02209655291436066,0.8811922484683262,4,0.9272434549962604
Full sample,2.0,if_fielding_alignment,Strategic,0.05449591280653951,0.06544246923227193,-0.010946556425732418,-0.0461166556151981,0.8811922484683262,4,0.9272434549962604
Full sample,2.0,of_fielding_alignment,4th outfielder,0.0,0.0009767532721234617,-0.0009767532721234617,-0.0442200916294312,0.7857025462161447,3,0.8528836502979952
Full sample,2.0,of_fielding_alignment,<missing>,0.008174386920980926,0.007227974213713616,0.0009464127072673096,0.010826473952487597,0.7857025462161447,3,0.8528836502979952
Full sample,2.0,of_fielding_alignment,Standard,0.9318801089918256,0.9234225434655207,0.008457565526304944,0.03265093073798414,0.7857025462161447,3,0.8528836502979952
Full sample,2.0,of_fielding_alignment,Strategic,0.05994550408719346,0.06837272904864232,-0.008427224961448862,-0.034396845230562606,0.7857025462161447,3,0.8528836502979952
Full sample,5.0,inning_topbot,Bot,0.46701570680628274,0.492878823254728,-0.025863116448445245,-0.05178523304461362,2.2768205153447316,1,0.13132084158032048
Full sample,5.0,inning_topbot,Top,0.5329842931937173,0.507121176745272,0.0258631164484453,0.05178523304461373,2.2768205153447316,1,0.13132084158032048
Full sample,5.0,stand,L,0.387434554973822,0.42407969491789244,-0.036645139944070426,-0.07467992398749042,4.746260982345824,1,0.029362027193114072
Full sample,5.0,stand,R,0.612565445026178,0.5759203050821076,0.03664513994407048,0.07467992398749053,4.746260982345824,1,0.029362027193114072
Full sample,5.0,p_throws,L,0.2670157068062827,0.2633667989726827,0.0036489078336000014,0.008266084619207784,0.043621663884420694,1,0.8345590926980406
Full sample,5.0,p_throws,R,0.7329842931937173,0.7366332010273173,-0.003648907833600057,-0.00826608461920791,0.043621663884420694,1,0.8345590926980406
Full sample,5.0,pitch_type,CH,0.1162303664921466,0.10039691804809713,0.015833448444049478,0.05096462459032459,15.507322377150714,15,0.4155280995548731
Full sample,5.0,pitch_type,CS,0.0,0.00015565413650867773,-0.00015565413650867773,-0.017645303538941927,15.507322377150714,15,0.4155280995548731
Full sample,5.0,pitch_type,CU,0.05445026178010471,0.05813681998599113,-0.0036865582058864185,-0.01599511019989683,15.507322377150714,15,0.4155280995548731
Full sample,5.0,pitch_type,EP,0.0,0.0006226165460347109,-0.0006226165460347109,-0.03529885094182606,15.507322377150714,15,0.4155280995548731
Full sample,5.0,pitch_type,FA,0.0010471204188481676,0.0018678496381041327,-0.000820729219255965,-0.021514917806623485,15.507322377150714,15,0.4155280995548731
Full sample,5.0,pitch_type,FC,0.07853403141361257,0.0670869328352401,0.011447098578372464,0.04406762142149993,15.507322377150714,15,0.4155280995548731
Full sample,5.0,pitch_type,FF,0.3842931937172775,0.39824110825745196,-0.013947914540174466,-0.028582720394349816,15.507322377150714,15,0.4155280995548731
Full sample,5.0,pitch_type,FO,0.0010471204188481676,0.00015565413650867773,0.0008914662823394899,0.036368905000445956,15.507322377150714,15,0.4155280995548731
Full sample,5.0,pitch_type,FS,0.018848167539267015,0.015643240719122112,0.0032049268201449037,0.024620001763024178,15.507322377150714,15,0.4155280995548731
Full sample,5.0,pitch_type,KC,0.01780104712041885,0.01774457156198926,5.647555842958757e-05,0.00042744134391534605,15.507322377150714,15,0.4155280995548731
Full sample,5.0,pitch_type,KN,0.004188481675392671,0.002101330842867149,0.0020871508325255215,0.03728287657007599,15.507322377150714,15,0.4155280995548731
Full sample,5.0,pitch_type,SC,0.0,7.782706825433887e-05,-7.782706825433887e-05,-0.012476628212648742,15.507322377150714,15,0.4155280995548731
Full sample,5.0,pitch_type,SI,0.181151832460733,0.17012997120398474,0.011021861256748255,0.028968729263619188,15.507322377150714,15,0.4155280995548731
Full sample,5.0,pitch_type,SL,0.11727748691099477,0.13962176044828392,-0.022344273537289155,-0.06681836008982106,15.507322377150714,15,0.4155280995548731
Full sample,5.0,pitch_type,ST,0.02198952879581152,0.02521597011440579,-0.0032264413185942725,-0.02125463845021267,15.507322377150714,15,0.4155280995548731
Full sample,5.0,pitch_type,SV,0.0031413612565445027,0.002801774457156199,0.0003395867993883036,0.006238875443120003,15.507322377150714,15,0.4155280995548731
Full sample,5.0,pitch_name,4-Seam Fastball,0.3842931937172775,0.39824110825745196,-0.013947914540174466,-0.028582720394349816,15.507322377150713,15,0.41552809955487285
Full sample,5.0,pitch_name,Changeup,0.1162303664921466,0.10039691804809713,0.015833448444049478,0.05096462459032459,15.507322377150713,15,0.41552809955487285
Full sample,5.0,pitch_name,Curveball,0.05445026178010471,0.05813681998599113,-0.0036865582058864185,-0.01599511019989683,15.507322377150713,15,0.41552809955487285
Full sample,5.0,pitch_name,Cutter,0.07853403141361257,0.0670869328352401,0.011447098578372464,0.04406762142149993,15.507322377150713,15,0.41552809955487285
Full sample,5.0,pitch_name,Eephus,0.0,0.0006226165460347109,-0.0006226165460347109,-0.03529885094182606,15.507322377150713,15,0.41552809955487285
Full sample,5.0,pitch_name,Forkball,0.0010471204188481676,0.00015565413650867773,0.0008914662823394899,0.036368905000445956,15.507322377150713,15,0.41552809955487285
Full sample,5.0,pitch_name,Knuckle Curve,0.01780104712041885,0.01774457156198926,5.647555842958757e-05,0.00042744134391534605,15.507322377150713,15,0.41552809955487285
Full sample,5.0,pitch_name,Knuckleball,0.004188481675392671,0.002101330842867149,0.0020871508325255215,0.03728287657007599,15.507322377150713,15,0.41552809955487285
Full sample,5.0,pitch_name,Other,0.0010471204188481676,0.0018678496381041327,-0.000820729219255965,-0.021514917806623485,15.507322377150713,15,0.41552809955487285
Full sample,5.0,pitch_name,Screwball,0.0,7.782706825433887e-05,-7.782706825433887e-05,-0.012476628212648742,15.507322377150713,15,0.41552809955487285
Full sample,5.0,pitch_name,Sinker,0.181151832460733,0.17012997120398474,0.011021861256748255,0.028968729263619188,15.507322377150713,15,0.41552809955487285
Full sample,5.0,pitch_name,Slider,0.11727748691099477,0.13962176044828392,-0.022344273537289155,-0.06681836008982106,15.507322377150713,15,0.41552809955487285
Full sample,5.0,pitch_name,Slow Curve,0.0,0.00015565413650867773,-0.00015565413650867773,-0.017645303538941927,15.507322377150713,15,0.41552809955487285
Full sample,5.0,pitch_name,Slurve,0.0031413612565445027,0.002801774457156199,0.0003395867993883036,0.006238875443120003,15.507322377150713,15,0.41552809955487285
Full sample,5.0,pitch_name,Split-Finger,0.018848167539267015,0.015643240719122112,0.0032049268201449037,0.024620001763024178,15.507322377150713,15,0.41552809955487285
Full sample,5.0,pitch_name,Sweeper,0.02198952879581152,0.02521597011440579,-0.0032264413185942725,-0.02125463845021267,15.507322377150713,15,0.41552809955487285
Full sample,5.0,if_fielding_alignment,<missing>,0.0062827225130890054,0.007471398552416531,-0.0011886760393275252,-0.014383739513072214,9.23179074284555,4,0.05555985697643851
Full sample,5.0,if_fielding_alignment,Infield shade,0.06806282722513089,0.08039536150673204,-0.012332534281601151,-0.04705802205670361,9.23179074284555,4,0.05555985697643851
Full sample,5.0,if_fielding_alignment,Infield shift,0.20418848167539266,0.17915791112148804,0.02503057055390462,0.06362330191141356,9.23179074284555,4,0.05555985697643851
Full sample,5.0,if_fielding_alignment,Standard,0.6712041884816754,0.6648766440968169,0.006327544384858497,0.013436960080898345,9.23179074284555,4,0.05555985697643851
Full sample,5.0,if_fielding_alignment,Strategic,0.050261780104712044,0.0680986847225465,-0.017836904617834458,-0.07564641790511534,9.23179074284555,4,0.05555985697643851
Full sample,5.0,of_fielding_alignment,4th outfielder,0.0010471204188481676,0.001089578955560744,-4.2458536712576284e-05,-0.0012996922040135344,0.17296156825713635,3,0.9818314614503094
Full sample,5.0,of_fielding_alignment,<missing>,0.0062827225130890054,0.007471398552416531,-0.0011886760393275252,-0.014383739513072214,0.17296156825713635,3,0.9818314614503094
Full sample,5.0,of_fielding_alignment,Standard,0.9298429319371728,0.9287882325472799,0.001054699389892888,0.004115154660457482,0.17296156825713635,3,0.9818314614503094
Full sample,5.0,of_fielding_alignment,Strategic,0.06282722513089005,0.06265078994474278,0.00017643518614726683,0.0007275890178129448,0.17296156825713635,3,0.9818314614503094
LA <= HR median (29 deg),1.0,inning_topbot,Bot,0.47058823529411764,0.4633901705115346,0.007198064782583058,0.014427983214036887,0.004388632552480744,1,0.9471813733686723
LA <= HR median (29 deg),1.0,inning_topbot,Top,0.5294117647058824,0.5366098294884654,-0.007198064782583002,-0.014427983214036776,0.004388632552480744,1,0.9471813733686723
LA <= HR median (29 deg),1.0,stand,L,0.3897058823529412,0.43029087261785354,-0.04058499026491236,-0.08258815009467961,0.6489423229813953,1,0.4204910806450324
LA <= HR median (29 deg),1.0,stand,R,0.6102941176470589,0.5697091273821464,0.04058499026491247,0.08258815009467983,0.6489423229813953,1,0.4204910806450324
LA <= HR median (29 deg),1.0,p_throws,L,0.25,0.28284854563691075,-0.03284854563691075,-0.07435440397731258,0.48913361274032907,1,0.4843140346745325
LA <= HR median (29 deg),1.0,p_throws,R,0.75,0.7171514543630892,0.03284854563691075,0.07435440397731258,0.48913361274032907,1,0.4843140346745325
LA <= HR median (29 deg),1.0,pitch_type,CH,0.13970588235294118,0.11334002006018054,0.02636586229276064,0.07937309522005156,26.403324885276415,12,0.009407780992528198
LA <= HR median (29 deg),1.0,pitch_type,CU,0.029411764705882353,0.055165496489468405,-0.025753731783586052,-0.12823361651699808,26.403324885276415,12,0.009407780992528198
LA <= HR median (29 deg),1.0,pitch_type,FA,0.0,0.003009027081243731,-0.003009027081243731,-0.07769309688655059,26.403324885276415,12,0.009407780992528198
LA <= HR median (29 deg),1.0,pitch_type,FC,0.0661764705882353,0.07021063189568706,-0.004034161307451767,-0.01600415151564088,26.403324885276415,12,0.009407780992528198
LA <= HR median (29 deg),1.0,pitch_type,FF,0.34558823529411764,0.37612838515546637,-0.03054014986134873,-0.06362442647663315,26.403324885276415,12,0.009407780992528198
LA <= HR median (29 deg),1.0,pitch_type,FO,0.007352941176470588,0.0,0.007352941176470588,0.12171612389003691,26.403324885276415,12,0.009407780992528198
LA <= HR median (29 deg),1.0,pitch_type,FS,0.022058823529411766,0.022066198595787363,-7.3750663755964285e-06,-5.0209155378735885e-05,26.403324885276415,12,0.009407780992528198
LA <= HR median (29 deg),1.0,pitch_type,KC,0.0,0.013039117352056168,-0.013039117352056168,-0.16255080506611547,26.403324885276415,12,0.009407780992528198
LA <= HR median (29 deg),1.0,pitch_type,KN,0.007352941176470588,0.0,0.007352941176470588,0.12171612389003691,26.403324885276415,12,0.009407780992528198
LA <= HR median (29 deg),1.0,pitch_type,SI,0.22794117647058823,0.1815446339017051,0.04639654256888312,0.1151718414222947,26.403324885276415,12,0.009407780992528198
LA <= HR median (29 deg),1.0,pitch_type,SL,0.10294117647058823,0.14142427281845538,-0.038483096347867146,-0.11771015308133811,26.403324885276415,12,0.009407780992528198
LA <= HR median (29 deg),1.0,pitch_type,ST,0.04411764705882353,0.017051153460381142,0.02706649359844239,0.1576785220484945,26.403324885276415,12,0.009407780992528198
LA <= HR median (29 deg),1.0,pitch_type,SV,0.007352941176470588,0.007021063189568706,0.0003318779869018818,0.003928906282431126,26.403324885276415,12,0.009407780992528198
LA <= HR median (29 deg),1.0,pitch_name,4-Seam Fastball,0.34558823529411764,0.37612838515546637,-0.03054014986134873,-0.06362442647663315,26.403324885276415,12,0.009407780992528198
LA <= HR median (29 deg),1.0,pitch_name,Changeup,0.13970588235294118,0.11334002006018054,0.02636586229276064,0.07937309522005156,26.403324885276415,12,0.009407780992528198
LA <= HR median (29 deg),1.0,pitch_name,Curveball,0.029411764705882353,0.055165496489468405,-0.025753731783586052,-0.12823361651699808,26.403324885276415,12,0.009407780992528198
LA <= HR median (29 deg),1.0,pitch_name,Cutter,0.0661764705882353,0.07021063189568706,-0.004034161307451767,-0.01600415151564088,26.403324885276415,12,0.009407780992528198
LA <= HR median (29 deg),1.0,pitch_name,Forkball,0.007352941176470588,0.0,0.007352941176470588,0.12171612389003691,26.403324885276415,12,0.009407780992528198
LA <= HR median (29 deg),1.0,pitch_name,Knuckle Curve,0.0,0.013039117352056168,-0.013039117352056168,-0.16255080506611547,26.403324885276415,12,0.009407780992528198
LA <= HR median (29 deg),1.0,pitch_name,Knuckleball,0.007352941176470588,0.0,0.007352941176470588,0.12171612389003691,26.403324885276415,12,0.009407780992528198
LA <= HR median (29 deg),1.0,pitch_name,Other,0.0,0.003009027081243731,-0.003009027081243731,-0.07769309688655059,26.403324885276415,12,0.009407780992528198
LA <= HR median (29 deg),1.0,pitch_name,Sinker,0.22794117647058823,0.1815446339017051,0.04639654256888312,0.1151718414222947,26.403324885276415,12,0.009407780992528198
LA <= HR median (29 deg),1.0,pitch_name,Slider,0.10294117647058823,0.14142427281845538,-0.038483096347867146,-0.11771015308133811,26.403324885276415,12,0.009407780992528198
LA <= HR median (29 deg),1.0,pitch_name,Slurve,0.007352941176470588,0.007021063189568706,0.0003318779869018818,0.003928906282431126,26.403324885276415,12,0.009407780992528198
LA <= HR median (29 deg),1.0,pitch_name,Split-Finger,0.022058823529411766,0.022066198595787363,-7.3750663755964285e-06,-5.0209155378735885e-05,26.403324885276415,12,0.009407780992528198
LA <= HR median (29 deg),1.0,pitch_name,Sweeper,0.04411764705882353,0.017051153460381142,0.02706649359844239,0.1576785220484945,26.403324885276415,12,0.009407780992528198
LA <= HR median (29 deg),1.0,if_fielding_alignment,<missing>,0.007352941176470588,0.004012036108324975,0.003340905068145613,0.04445694036060906,2.4278986247280914,4,0.6575914925233626
LA <= HR median (29 deg),1.0,if_fielding_alignment,Infield shade,0.051470588235294115,0.06519558676028084,-0.013724998524986723,-0.05858580715870941,2.4278986247280914,4,0.6575914925233626
LA <= HR median (29 deg),1.0,if_fielding_alignment,Infield shift,0.17647058823529413,0.18355065195586762,-0.007080063720573487,-0.01842902779924245,2.4278986247280914,4,0.6575914925233626
LA <= HR median (29 deg),1.0,if_fielding_alignment,Standard,0.7205882352941176,0.675025075225677,0.045563160068440633,0.09934338145048541,2.4278986247280914,4,0.6575914925233626
LA <= HR median (29 deg),1.0,if_fielding_alignment,Strategic,0.04411764705882353,0.07221664994984955,-0.02809900289102602,-0.12026767343945767,2.4278986247280914,4,0.6575914925233626
LA <= HR median (29 deg),1.0,of_fielding_alignment,4th outfielder,0.0,0.0010030090270812437,-0.0010030090270812437,-0.04481107149482208,1.0309721708826562,3,0.7937581882185448
LA <= HR median (29 deg),1.0,of_fielding_alignment,<missing>,0.007352941176470588,0.004012036108324975,0.003340905068145613,0.04445694036060906,1.0309721708826562,3,0.7937581882185448
LA <= HR median (29 deg),1.0,of_fielding_alignment,Standard,0.9411764705882353,0.925777331995988,0.015399138592247286,0.06182523971714282,1.0309721708826562,3,0.7937581882185448
LA <= HR median (29 deg),1.0,of_fielding_alignment,Strategic,0.051470588235294115,0.06920762286860582,-0.017737034633311707,-0.07454138094910091,1.0309721708826562,3,0.7937581882185448
LA <= HR median (29 deg),2.0,inning_topbot,Bot,0.48188405797101447,0.4838227974116476,-0.0019387394406331082,-0.0038797681901907508,0.0,1,1.0
LA <= HR median (29 deg),2.0,inning_topbot,Top,0.5181159420289855,0.5161772025883524,0.0019387394406330527,0.0038797681901906397,0.0,1,1.0
LA <= HR median (29 deg),2.0,stand,L,0.38768115942028986,0.43255350920856145,-0.04487234978827159,-0.09132595795221284,1.8176667694281092,1,0.17759125876003878
LA <= HR median (29 deg),2.0,stand,R,0.6123188405797102,0.5674464907914385,0.044872349788271704,0.09132595795221306,1.8176667694281092,1,0.17759125876003878
LA <= HR median (29 deg),2.0,p_throws,L,0.2717391304347826,0.27675460428073667,-0.005015473845954077,-0.011242257641123483,0.010600472227938636,1,0.9179958328745622
LA <= HR median (29 deg),2.0,p_throws,R,0.7282608695652174,0.7232453957192633,0.005015473845954133,0.011242257641123608,0.010600472227938636,1,0.9179958328745622
LA <= HR median (29 deg),2.0,pitch_type,CH,0.15217391304347827,0.11249377799900448,0.03968013504447379,0.11730243940193971,16.295124537518927,14,0.295685582693964
LA <= HR median (29 deg),2.0,pitch_type,CU,0.043478260869565216,0.051269288203086114,-0.007791027333520897,-0.036680689959222655,16.295124537518927,14,0.295685582693964
LA <= HR median (29 deg),2.0,pitch_type,EP,0.0,0.0004977600796416127,-0.0004977600796416127,-0.031559720154890156,16.295124537518927,14,0.295685582693964
LA <= HR median (29 deg),2.0,pitch_type,FA,0.0036231884057971015,0.0024888003982080635,0.001134388007589038,0.020552889955852836,16.295124537518927,14,0.295685582693964
LA <= HR median (29 deg),2.0,pitch_type,FC,0.07971014492753623,0.070681931309109,0.00902821361842722,0.03424074016557714,16.295124537518927,14,0.295685582693964
LA <= HR median (29 deg),2.0,pitch_type,FF,0.32971014492753625,0.38178198108511696,-0.05207183615758071,-0.10892999911345193,16.295124537518927,14,0.295685582693964
LA <= HR median (29 deg),2.0,pitch_type,FO,0.0036231884057971015,0.0,0.0036231884057971015,0.08528028654224418,16.295124537518927,14,0.295685582693964
LA <= HR median (29 deg),2.0,pitch_type,FS,0.021739130434782608,0.02538576406172225,-0.0036466336269396424,-0.02404313403128104,16.295124537518927,14,0.295685582693964
LA <= HR median (29 deg),2.0,pitch_type,KC,0.010869565217391304,0.012941762070681932,-0.0020721968532906275,-0.0191062218785981,16.295124537518927,14,0.295685582693964
LA <= HR median (29 deg),2.0,pitch_type,KN,0.0036231884057971015,0.0024888003982080635,0.001134388007589038,0.020552889955852836,16.295124537518927,14,0.295685582693964
LA <= HR median (29 deg),2.0,pitch_type,SC,0.0,0.0004977600796416127,-0.0004977600796416127,-0.031559720154890156,16.295124537518927,14,0.295685582693964
LA <= HR median (29 deg),2.0,pitch_type,SI,0.21014492753623187,0.1791936286709806,0.030951298865251275,0.0782303037430955,16.295124537518927,14,0.295685582693964
LA <= HR median (29 deg),2.0,pitch_type,SL,0.10869565217391304,0.1333997013439522,-0.02470404917003917,-0.07579121531775551,16.295124537518927,14,0.295685582693964
LA <= HR median (29 deg),2.0,pitch_type,ST,0.025362318840579712,0.02140368342458935,0.003958635415990362,0.026198142310314358,16.295124537518927,14,0.295685582693964
LA <= HR median (29 deg),2.0,pitch_type,SV,0.007246376811594203,0.0054753608760577405,0.0017710159355364625,0.02227803319895194,16.295124537518927,14,0.295685582693964
LA <= HR median (29 deg),2.0,pitch_name,4-Seam Fastball,0.32971014492753625,0.38178198108511696,-0.05207183615758071,-0.10892999911345193,16.295124537518934,14,0.2956855826939636
LA <= HR median (29 deg),2.0,pitch_name,Changeup,0.15217391304347827,0.11249377799900448,0.03968013504447379,0.11730243940193971,16.295124537518934,14,0.2956855826939636
LA <= HR median (29 deg),2.0,pitch_name,Curveball,0.043478260869565216,0.051269288203086114,-0.007791027333520897,-0.036680689959222655,16.295124537518934,14,0.2956855826939636
LA <= HR median (29 deg),2.0,pitch_name,Cutter,0.07971014492753623,0.070681931309109,0.00902821361842722,0.03424074016557714,16.295124537518934,14,0.2956855826939636
LA <= HR median (29 deg),2.0,pitch_name,Eephus,0.0,0.0004977600796416127,-0.0004977600796416127,-0.031559720154890156,16.295124537518934,14,0.2956855826939636
LA <= HR median (29 deg),2.0,pitch_name,Forkball,0.0036231884057971015,0.0,0.0036231884057971015,0.08528028654224418,16.295124537518934,14,0.2956855826939636
LA <= HR median (29 deg),2.0,pitch_name,Knuckle Curve,0.010869565217391304,0.012941762070681932,-0.0020721968532906275,-0.0191062218785981,16.295124537518934,14,0.2956855826939636
LA <= HR median (29 deg),2.0,pitch_name,Knuckleball,0.0036231884057971015,0.0024888003982080635,0.001134388007589038,0.020552889955852836,16.295124537518934,14,0.2956855826939636
LA <= HR median (29 deg),2.0,pitch_name,Other,0.0036231884057971015,0.0024888003982080635,0.001134388007589038,0.020552889955852836,16.295124537518934,14,0.2956855826939636
LA <= HR median (29 deg),2.0,pitch_name,Screwball,0.0,0.0004977600796416127,-0.0004977600796416127,-0.031559720154890156,16.295124537518934,14,0.2956855826939636
LA <= HR median (29 deg),2.0,pitch_name,Sinker,0.21014492753623187,0.1791936286709806,0.030951298865251275,0.0782303037430955,16.295124537518934,14,0.2956855826939636
LA <= HR median (29 deg),2.0,pitch_name,Slider,0.10869565217391304,0.1333997013439522,-0.02470404917003917,-0.07579121531775551,16.295124537518934,14,0.2956855826939636
LA <= HR median (29 deg),2.0,pitch_name,Slurve,0.007246376811594203,0.0054753608760577405,0.0017710159355364625,0.02227803319895194,16.295124537518934,14,0.2956855826939636
LA <= HR median (29 deg),2.0,pitch_name,Split-Finger,0.021739130434782608,0.02538576406172225,-0.0036466336269396424,-0.02404313403128104,16.295124537518934,14,0.2956855826939636
LA <= HR median (29 deg),2.0,pitch_name,Sweeper,0.025362318840579712,0.02140368342458935,0.003958635415990362,0.026198142310314358,16.295124537518934,14,0.2956855826939636
LA <= HR median (29 deg),2.0,if_fielding_alignment,<missing>,0.007246376811594203,0.008959681433549029,-0.0017133046219548259,-0.019111616941110916,4.3768777001824315,4,0.35739722461624424
LA <= HR median (29 deg),2.0,if_fielding_alignment,Infield shade,0.06159420289855073,0.07765057242409158,-0.016056369525540855,-0.06311890312002394,4.3768777001824315,4,0.35739722461624424
LA <= HR median (29 deg),2.0,if_fielding_alignment,Infield shift,0.18840579710144928,0.17421602787456447,0.014189769226884807,0.03683642799664868,4.3768777001824315,4,0.35739722461624424
LA <= HR median (29 deg),2.0,if_fielding_alignment,Standard,0.6992753623188406,0.6674962667994027,0.03177909551943792,0.06835918891352794,4.3768777001824315,4,0.35739722461624424
LA <= HR median (29 deg),2.0,if_fielding_alignment,Strategic,0.043478260869565216,0.07167745146839223,-0.028199190598827015,-0.12127831824119199,4.3768777001824315,4,0.35739722461624424
LA <= HR median (29 deg),2.0,of_fielding_alignment,4th outfielder,0.0,0.0009955201592832255,-0.0009955201592832255,-0.04464330201216167,0.5890836382431036,3,0.8989268145573346
LA <= HR median (29 deg),2.0,of_fielding_alignment,<missing>,0.007246376811594203,0.008959681433549029,-0.0017133046219548259,-0.019111616941110916,0.5890836382431036,3,0.8989268145573346
LA <= HR median (29 deg),2.0,of_fielding_alignment,Standard,0.9311594202898551,0.9208561473369836,0.010303272952871478,0.03936941799081116,0.5890836382431036,3,0.8989268145573346
LA <= HR median (29 deg),2.0,of_fielding_alignment,Strategic,0.06159420289855073,0.06918865107018417,-0.00759444817163344,-0.03072360496712646,0.5890836382431036,3,0.8989268145573346
LA <= HR median (29 deg),5.0,inning_topbot,Bot,0.47802197802197804,0.4819204499799116,-0.0038984719579335803,-0.007803266370555502,0.024624928164534224,1,0.8753052813364626
LA <= HR median (29 deg),5.0,inning_topbot,Top,0.521978021978022,0.5180795500200884,0.0038984719579335803,0.007803266370555501,0.024624928164534224,1,0.8753052813364626
LA <= HR median (29 deg),5.0,stand,L,0.37637362637362637,0.42788268380875855,-0.05150905743513218,-0.10519551514367637,6.701867859568804,1,0.009631196337625181
LA <= HR median (29 deg),5.0,stand,R,0.6236263736263736,0.5721173161912415,0.05150905743513212,0.10519551514367625,6.701867859568804,1,0.009631196337625181
LA <= HR median (29 deg),5.0,p_throws,L,0.2706043956043956,0.27139413419043795,-0.0007897385860423656,-0.0017767874978220348,1.9814132975022647e-08,1,0.9998876876287273
LA <= HR median (29 deg),5.0,p_throws,R,0.7293956043956044,0.7286058658095621,0.0007897385860422546,0.001776787497821785,1.9814132975022647e-08,1,0.9998876876287273
LA <= HR median (29 deg),5.0,pitch_type,CH,0.12087912087912088,0.10767376456408197,0.013205356315038913,0.04151606828208756,5.835942133216934,14,0.9704584965600582
LA <= HR median (29 deg),5.0,pitch_type,CU,0.0521978021978022,0.0532342306147047,-0.0010364284169024976,-0.004637982336357241,5.835942133216934,14,0.9704584965600582
LA <= HR median (29 deg),5.0,pitch_type,EP,0.0,0.0004017677782241864,-0.0004017677782241864,-0.028352398856187136,5.835942133216934,14,0.9704584965600582
LA <= HR median (29 deg),5.0,pitch_type,FA,0.0013736263736263737,0.0018079550020088388,-0.0004343286283824651,-0.010898433915958457,5.835942133216934,14,0.9704584965600582
LA <= HR median (29 deg),5.0,pitch_type,FC,0.07692307692307693,0.07010847730012053,0.006814599622956399,0.026113679583008486,5.835942133216934,14,0.9704584965600582
LA <= HR median (29 deg),5.0,pitch_type,FF,0.375,0.3790678987545199,-0.004067898754519905,-0.008393663247382102,5.835942133216934,14,0.9704584965600582
LA <= HR median (29 deg),5.0,pitch_type,FO,0.0013736263736263737,0.0004017677782241864,0.0009718585954021873,0.03263783572087282,5.835942133216934,14,0.9704584965600582
LA <= HR median (29 deg),5.0,pitch_type,FS,0.020604395604395604,0.019284853354760947,0.0013195422496346566,0.009438215659608085,5.835942133216934,14,0.9704584965600582
LA <= HR median (29 deg),5.0,pitch_type,KC,0.017857142857142856,0.015267175572519083,0.0025899672846237728,0.020294796529317167,5.835942133216934,14,0.9704584965600582
LA <= HR median (29 deg),5.0,pitch_type,KN,0.004120879120879121,0.0024106066693451184,0.0017102724515340026,0.029980122318680462,5.835942133216934,14,0.9704584965600582
LA <= HR median (29 deg),5.0,pitch_type,SC,0.0,0.0002008838891120932,-0.0002008838891120932,-0.02004615931080879,5.835942133216934,14,0.9704584965600582
LA <= HR median (29 deg),5.0,pitch_type,SI,0.18543956043956045,0.18682201687424668,-0.0013824564346862356,-0.0035519408155521267,5.835942133216934,14,0.9704584965600582
LA <= HR median (29 deg),5.0,pitch_type,SL,0.11950549450549451,0.13680192848533548,-0.017296433979840972,-0.05176264064760843,5.835942133216934,14,0.9704584965600582
LA <= HR median (29 deg),5.0,pitch_type,ST,0.020604395604395604,0.023101647247890718,-0.0024972516434951138,-0.017081277241109315,5.835942133216934,14,0.9704584965600582
LA <= HR median (29 deg),5.0,pitch_type,SV,0.004120879120879121,0.0034150261149055844,0.0007058530059735365,0.011520955614774618,5.835942133216934,14,0.9704584965600582
LA <= HR median (29 deg),5.0,pitch_name,4-Seam Fastball,0.375,0.3790678987545199,-0.004067898754519905,-0.008393663247382102,5.835942133216934,14,0.9704584965600582
LA <= HR median (29 deg),5.0,pitch_name,Changeup,0.12087912087912088,0.10767376456408197,0.013205356315038913,0.04151606828208756,5.835942133216934,14,0.9704584965600582
LA <= HR median (29 deg),5.0,pitch_name,Curveball,0.0521978021978022,0.0532342306147047,-0.0010364284169024976,-0.004637982336357241,5.835942133216934,14,0.9704584965600582
LA <= HR median (29 deg),5.0,pitch_name,Cutter,0.07692307692307693,0.07010847730012053,0.006814599622956399,0.026113679583008486,5.835942133216934,14,0.9704584965600582
LA <= HR median (29 deg),5.0,pitch_name,Eephus,0.0,0.0004017677782241864,-0.0004017677782241864,-0.028352398856187136,5.835942133216934,14,0.9704584965600582
LA <= HR median (29 deg),5.0,pitch_name,Forkball,0.0013736263736263737,0.0004017677782241864,0.0009718585954021873,0.03263783572087282,5.835942133216934,14,0.9704584965600582
LA <= HR median (29 deg),5.0,pitch_name,Knuckle Curve,0.017857142857142856,0.015267175572519083,0.0025899672846237728,0.020294796529317167,5.835942133216934,14,0.9704584965600582
LA <= HR median (29 deg),5.0,pitch_name,Knuckleball,0.004120879120879121,0.0024106066693451184,0.0017102724515340026,0.029980122318680462,5.835942133216934,14,0.9704584965600582
LA <= HR median (29 deg),5.0,pitch_name,Other,0.0013736263736263737,0.0018079550020088388,-0.0004343286283824651,-0.010898433915958457,5.835942133216934,14,0.9704584965600582
LA <= HR median (29 deg),5.0,pitch_name,Screwball,0.0,0.0002008838891120932,-0.0002008838891120932,-0.02004615931080879,5.835942133216934,14,0.9704584965600582
LA <= HR median (29 deg),5.0,pitch_name,Sinker,0.18543956043956045,0.18682201687424668,-0.0013824564346862356,-0.0035519408155521267,5.835942133216934,14,0.9704584965600582
LA <= HR median (29 deg),5.0,pitch_name,Slider,0.11950549450549451,0.13680192848533548,-0.017296433979840972,-0.05176264064760843,5.835942133216934,14,0.9704584965600582
LA <= HR median (29 deg),5.0,pitch_name,Slurve,0.004120879120879121,0.0034150261149055844,0.0007058530059735365,0.011520955614774618,5.835942133216934,14,0.9704584965600582
LA <= HR median (29 deg),5.0,pitch_name,Split-Finger,0.020604395604395604,0.019284853354760947,0.0013195422496346566,0.009438215659608085,5.835942133216934,14,0.9704584965600582
LA <= HR median (29 deg),5.0,pitch_name,Sweeper,0.020604395604395604,0.023101647247890718,-0.0024972516434951138,-0.017081277241109315,5.835942133216934,14,0.9704584965600582
LA <= HR median (29 deg),5.0,if_fielding_alignment,<missing>,0.005494505494505495,0.007633587786259542,-0.0021390822917540468,-0.026491699632653617,10.073030624525842,4,0.03921529609218841
LA <= HR median (29 deg),5.0,if_fielding_alignment,Infield shade,0.06593406593406594,0.08256327842507032,-0.01662921249100438,-0.06345979666906283,10.073030624525842,4,0.03921529609218841
LA <= HR median (29 deg),5.0,if_fielding_alignment,Infield shift,0.19505494505494506,0.1687424668541583,0.02631247820078675,0.06824897377195137,10.073030624525842,4,0.03921529609218841
LA <= HR median (29 deg),5.0,if_fielding_alignment,Standard,0.6868131868131868,0.6721574929690639,0.014655693844122908,0.03140840886958169,10.073030624525842,4,0.03921529609218841
LA <= HR median (29 deg),5.0,if_fielding_alignment,Strategic,0.046703296703296704,0.06890317396544797,-0.022199877262151266,-0.09523476204174004,10.073030624525842,4,0.03921529609218841
LA <= HR median (29 deg),5.0,of_fielding_alignment,4th outfielder,0.0,0.0006026516673362796,-0.0006026516673362796,-0.034727944810393964,0.9316478679411755,3,0.8177845054422961
LA <= HR median (29 deg),5.0,of_fielding_alignment,<missing>,0.005494505494505495,0.007633587786259542,-0.0021390822917540468,-0.026491699632653617,0.9316478679411755,3,0.8177845054422961
LA <= HR median (29 deg),5.0,of_fielding_alignment,Standard,0.929945054945055,0.9302932904781036,-0.0003482355330486353,-0.0013659187523833184,0.9316478679411755,3,0.8177845054422961
LA <= HR median (29 deg),5.0,of_fielding_alignment,Strategic,0.06456043956043957,0.061470470068300524,0.0030899694921390428,0.01271666465714675,0.9316478679411755,3,0.8177845054422961
LA <= HR Q1 (26 deg),1.0,inning_topbot,Bot,0.46511627906976744,0.46691176470588236,-0.001795485636114924,-0.0035993014360355454,0.0,1,1.0
LA <= HR Q1 (26 deg),1.0,inning_topbot,Top,0.5348837209302325,0.5330882352941176,0.0017954856361148686,0.0035993014360354344,0.0,1,1.0
LA <= HR Q1 (26 deg),1.0,stand,L,0.3488372093023256,0.41360294117647056,-0.06476573187414497,-0.13364624593619612,1.038033616319304,1,0.30827924209788266
LA <= HR Q1 (26 deg),1.0,stand,R,0.6511627906976745,0.5863970588235294,0.06476573187414503,0.13364624593619623,1.038033616319304,1,0.30827924209788266
LA <= HR Q1 (26 deg),1.0,p_throws,L,0.2558139534883721,0.30514705882352944,-0.049333105335157335,-0.1099819699123088,0.6436913562726791,1,0.42237725607370946
LA <= HR Q1 (26 deg),1.0,p_throws,R,0.7441860465116279,0.6948529411764706,0.049333105335157335,0.1099819699123088,0.6436913562726791,1,0.42237725607370946
LA <= HR Q1 (26 deg),1.0,pitch_type,CH,0.16279069767441862,0.10661764705882353,0.05617305061559509,0.16509343190425596,36.35162839642476,12,0.000284400278218038
LA <= HR Q1 (26 deg),1.0,pitch_type,CU,0.0,0.06801470588235294,-0.06801470588235294,-0.38204267758336763,36.35162839642476,12,0.000284400278218038
LA <= HR Q1 (26 deg),1.0,pitch_type,FA,0.0,0.001838235294117647,-0.001838235294117647,-0.06068971290344045,36.35162839642476,12,0.000284400278218038
LA <= HR Q1 (26 deg),1.0,pitch_type,FC,0.06976744186046512,0.06985294117647059,-8.549931600547456e-05,-0.0003355192507649789,36.35162839642476,12,0.000284400278218038
LA <= HR Q1 (26 deg),1.0,pitch_type,FF,0.3488372093023256,0.3897058823529412,-0.04086867305061559,-0.08475904498505939,36.35162839642476,12,0.000284400278218038
LA <= HR Q1 (26 deg),1.0,pitch_type,FO,0.011627906976744186,0.0,0.011627906976744186,0.1533929977694741,36.35162839642476,12,0.000284400278218038
LA <= HR Q1 (26 deg),1.0,pitch_type,FS,0.011627906976744186,0.025735294117647058,-0.014107387140902872,-0.10433372440775773,36.35162839642476,12,0.000284400278218038
LA <= HR Q1 (26 deg),1.0,pitch_type,KC,0.0,0.014705882352941176,-0.014705882352941176,-0.17277368511627203,36.35162839642476,12,0.000284400278218038
LA <= HR Q1 (26 deg),1.0,pitch_type,KN,0.011627906976744186,0.0,0.011627906976744186,0.1533929977694741,36.35162839642476,12,0.000284400278218038
LA <= HR Q1 (26 deg),1.0,pitch_type,SI,0.20930232558139536,0.16727941176470587,0.04202291381668949,0.10764638988128308,36.35162839642476,12,0.000284400278218038
LA <= HR Q1 (26 deg),1.0,pitch_type,SL,0.09302325581395349,0.13419117647058823,-0.04116792065663474,-0.13000451784095085,36.35162839642476,12,0.000284400278218038
LA <= HR Q1 (26 deg),1.0,pitch_type,ST,0.06976744186046512,0.012867647058823529,0.05689979480164159,0.2888611888692386,36.35162839642476,12,0.000284400278218038
LA <= HR Q1 (26 deg),1.0,pitch_type,SV,0.011627906976744186,0.009191176470588236,0.0024367305061559503,0.024010170228258795,36.35162839642476,12,0.000284400278218038
LA <= HR Q1 (26 deg),1.0,pitch_name,4-Seam Fastball,0.3488372093023256,0.3897058823529412,-0.04086867305061559,-0.08475904498505939,36.351628396424765,12,0.0002844002782180369
LA <= HR Q1 (26 deg),1.0,pitch_name,Changeup,0.16279069767441862,0.10661764705882353,0.05617305061559509,0.16509343190425596,36.351628396424765,12,0.0002844002782180369
LA <= HR Q1 (26 deg),1.0,pitch_name,Curveball,0.0,0.06801470588235294,-0.06801470588235294,-0.38204267758336763,36.351628396424765,12,0.0002844002782180369
LA <= HR Q1 (26 deg),1.0,pitch_name,Cutter,0.06976744186046512,0.06985294117647059,-8.549931600547456e-05,-0.0003355192507649789,36.351628396424765,12,0.0002844002782180369
LA <= HR Q1 (26 deg),1.0,pitch_name,Forkball,0.011627906976744186,0.0,0.011627906976744186,0.1533929977694741,36.351628396424765,12,0.0002844002782180369
LA <= HR Q1 (26 deg),1.0,pitch_name,Knuckle Curve,0.0,0.014705882352941176,-0.014705882352941176,-0.17277368511627203,36.351628396424765,12,0.0002844002782180369
LA <= HR Q1 (26 deg),1.0,pitch_name,Knuckleball,0.011627906976744186,0.0,0.011627906976744186,0.1533929977694741,36.351628396424765,12,0.0002844002782180369
LA <= HR Q1 (26 deg),1.0,pitch_name,Other,0.0,0.001838235294117647,-0.001838235294117647,-0.06068971290344045,36.351628396424765,12,0.0002844002782180369
LA <= HR Q1 (26 deg),1.0,pitch_name,Sinker,0.20930232558139536,0.16727941176470587,0.04202291381668949,0.10764638988128308,36.351628396424765,12,0.0002844002782180369
LA <= HR Q1 (26 deg),1.0,pitch_name,Slider,0.09302325581395349,0.13419117647058823,-0.04116792065663474,-0.13000451784095085,36.351628396424765,12,0.0002844002782180369
LA <= HR Q1 (26 deg),1.0,pitch_name,Slurve,0.011627906976744186,0.009191176470588236,0.0024367305061559503,0.024010170228258795,36.351628396424765,12,0.0002844002782180369
LA <= HR Q1 (26 deg),1.0,pitch_name,Split-Finger,0.011627906976744186,0.025735294117647058,-0.014107387140902872,-0.10433372440775773,36.351628396424765,12,0.0002844002782180369
LA <= HR Q1 (26 deg),1.0,pitch_name,Sweeper,0.06976744186046512,0.012867647058823529,0.05689979480164159,0.2888611888692386,36.351628396424765,12,0.0002844002782180369
LA <= HR Q1 (26 deg),1.0,if_fielding_alignment,<missing>,0.011627906976744186,0.0055147058823529415,0.006113201094391244,0.06635189024026313,1.0968753484022344,4,0.8947676496657471
LA <= HR Q1 (26 deg),1.0,if_fielding_alignment,Infield shade,0.05813953488372093,0.06985294117647059,-0.01171340629274966,-0.04787310194894761,1.0968753484022344,4,0.8947676496657471
LA <= HR Q1 (26 deg),1.0,if_fielding_alignment,Infield shift,0.18604651162790697,0.17830882352941177,0.0077376880984952046,0.02004730438387677,1.0968753484022344,4,0.8947676496657471
LA <= HR Q1 (26 deg),1.0,if_fielding_alignment,Standard,0.6976744186046512,0.6801470588235294,0.017527359781121743,0.03786782366816584,1.0968753484022344,4,0.8947676496657471
LA <= HR Q1 (26 deg),1.0,if_fielding_alignment,Strategic,0.046511627906976744,0.0661764705882353,-0.01966484268125855,-0.08536007734362577,1.0968753484022344,4,0.8947676496657471
LA <= HR Q1 (26 deg),1.0,of_fielding_alignment,<missing>,0.011627906976744186,0.0055147058823529415,0.006113201094391244,0.06635189024026313,0.48203503983742896,2,0.7858278586275341
LA <= HR Q1 (26 deg),1.0,of_fielding_alignment,Standard,0.9302325581395349,0.9301470588235294,8.549931600543292e-05,0.00033551925076481554,0.48203503983742896,2,0.7858278586275341
LA <= HR Q1 (26 deg),1.0,of_fielding_alignment,Strategic,0.05813953488372093,0.06433823529411764,-0.006198700410396711,-0.025855071916415586,0.48203503983742896,2,0.7858278586275341
LA <= HR Q1 (26 deg),2.0,inning_topbot,Bot,0.484472049689441,0.48674911660777387,-0.0022770669183328485,-0.004556032745592355,0.0,1,1.0
LA <= HR Q1 (26 deg),2.0,inning_topbot,Top,0.515527950310559,0.5132508833922261,0.0022770669183328485,0.004556032745592355,0.0,1,1.0
LA <= HR Q1 (26 deg),2.0,stand,L,0.36645962732919257,0.4213780918727915,-0.054918464543598944,-0.1125735841042392,1.5326719673944322,1,0.21571187263064265
LA <= HR Q1 (26 deg),2.0,stand,R,0.6335403726708074,0.5786219081272085,0.054918464543598944,0.1125735841042392,1.5326719673944322,1,0.21571187263064265
LA <= HR Q1 (26 deg),2.0,p_throws,L,0.2670807453416149,0.28091872791519434,-0.013837982573579433,-0.031029986158026185,0.07417153120230142,1,0.7853571364125703
LA <= HR Q1 (26 deg),2.0,p_throws,R,0.7329192546583851,0.7190812720848057,0.013837982573579488,0.031029986158026313,0.07417153120230142,1,0.7853571364125703
LA <= HR Q1 (26 deg),2.0,pitch_type,CH,0.14906832298136646,0.10865724381625441,0.04041107916511205,0.12083272912262606,28.369774276601255,14,0.012702437324447787
LA <= HR Q1 (26 deg),2.0,pitch_type,CU,0.006211180124223602,0.05830388692579505,-0.05209270680157145,-0.2980935355613558,28.369774276601255,14,0.012702437324447787
LA <= HR Q1 (26 deg),2.0,pitch_type,EP,0.0,0.0008833922261484099,-0.0008833922261484099,-0.042051713353118005,28.369774276601255,14,0.012702437324447787
LA <= HR Q1 (26 deg),2.0,pitch_type,FA,0.0,0.0008833922261484099,-0.0008833922261484099,-0.042051713353118005,28.369774276601255,14,0.012702437324447787
LA <= HR Q1 (26 deg),2.0,pitch_type,FC,0.08695652173913043,0.06713780918727916,0.019818712551851275,0.07437164927086677,28.369774276601255,14,0.012702437324447787
LA <= HR Q1 (26 deg),2.0,pitch_type,FF,0.37267080745341613,0.38869257950530034,-0.01602177205188421,-0.03300135018893483,28.369774276601255,14,0.012702437324447787
LA <= HR Q1 (26 deg),2.0,pitch_type,FO,0.006211180124223602,0.0,0.006211180124223602,0.11180339887498948,28.369774276601255,14,0.012702437324447787
LA <= HR Q1 (26 deg),2.0,pitch_type,FS,0.018633540372670808,0.024734982332155476,-0.006101441959484668,-0.041900184383068674,28.369774276601255,14,0.012702437324447787
LA <= HR Q1 (26 deg),2.0,pitch_type,KC,0.018633540372670808,0.015901060070671377,0.0027324803019994313,0.020977368333518112,28.369774276601255,14,0.012702437324447787
LA <= HR Q1 (26 deg),2.0,pitch_type,KN,0.006211180124223602,0.0017667844522968198,0.004444395671926782,0.07055367704050507,28.369774276601255,14,0.012702437324447787
LA <= HR Q1 (26 deg),2.0,pitch_type,SC,0.0,0.0008833922261484099,-0.0008833922261484099,-0.042051713353118005,28.369774276601255,14,0.012702437324447787
LA <= HR Q1 (26 deg),2.0,pitch_type,SI,0.17391304347826086,0.17491166077738515,-0.000998617299124288,-0.002631656781227789,28.369774276601255,14,0.012702437324447787
LA <= HR Q1 (26 deg),2.0,pitch_type,SL,0.10559006211180125,0.13692579505300354,-0.03133573294120229,-0.09610697764530048,28.369774276601255,14,0.012702437324447787
LA <= HR Q1 (26 deg),2.0,pitch_type,ST,0.043478260869565216,0.013250883392226149,0.030227377477339067,0.1828386241768445,28.369774276601255,14,0.012702437324447787
LA <= HR Q1 (26 deg),2.0,pitch_type,SV,0.012422360248447204,0.007067137809187279,0.005355222439259925,0.05453558856870005,28.369774276601255,14,0.012702437324447787
LA <= HR Q1 (26 deg),2.0,pitch_name,4-Seam Fastball,0.37267080745341613,0.38869257950530034,-0.01602177205188421,-0.03300135018893483,28.36977427660125,14,0.012702437324447773
LA <= HR Q1 (26 deg),2.0,pitch_name,Changeup,0.14906832298136646,0.10865724381625441,0.04041107916511205,0.12083272912262606,28.36977427660125,14,0.012702437324447773
LA <= HR Q1 (26 deg),2.0,pitch_name,Curveball,0.006211180124223602,0.05830388692579505,-0.05209270680157145,-0.2980935355613558,28.36977427660125,14,0.012702437324447773
LA <= HR Q1 (26 deg),2.0,pitch_name,Cutter,0.08695652173913043,0.06713780918727916,0.019818712551851275,0.07437164927086677,28.36977427660125,14,0.012702437324447773
LA <= HR Q1 (26 deg),2.0,pitch_name,Eephus,0.0,0.0008833922261484099,-0.0008833922261484099,-0.042051713353118005,28.36977427660125,14,0.012702437324447773
LA <= HR Q1 (26 deg),2.0,pitch_name,Forkball,0.006211180124223602,0.0,0.006211180124223602,0.11180339887498948,28.36977427660125,14,0.012702437324447773
LA <= HR Q1 (26 deg),2.0,pitch_name,Knuckle Curve,0.018633540372670808,0.015901060070671377,0.0027324803019994313,0.020977368333518112,28.36977427660125,14,0.012702437324447773
LA <= HR Q1 (26 deg),2.0,pitch_name,Knuckleball,0.006211180124223602,0.0017667844522968198,0.004444395671926782,0.07055367704050507,28.36977427660125,14,0.012702437324447773
LA <= HR Q1 (26 deg),2.0,pitch_name,Other,0.0,0.0008833922261484099,-0.0008833922261484099,-0.042051713353118005,28.36977427660125,14,0.012702437324447773
LA <= HR Q1 (26 deg),2.0,pitch_name,Screwball,0.0,0.0008833922261484099,-0.0008833922261484099,-0.042051713353118005,28.36977427660125,14,0.012702437324447773
LA <= HR Q1 (26 deg),2.0,pitch_name,Sinker,0.17391304347826086,0.17491166077738515,-0.000998617299124288,-0.002631656781227789,28.36977427660125,14,0.012702437324447773
LA <= HR Q1 (26 deg),2.0,pitch_name,Slider,0.10559006211180125,0.13692579505300354,-0.03133573294120229,-0.09610697764530048,28.36977427660125,14,0.012702437324447773
LA <= HR Q1 (26 deg),2.0,pitch_name,Slurve,0.012422360248447204,0.007067137809187279,0.005355222439259925,0.05453558856870005,28.36977427660125,14,0.012702437324447773
LA <= HR Q1 (26 deg),2.0,pitch_name,Split-Finger,0.018633540372670808,0.024734982332155476,-0.006101441959484668,-0.041900184383068674,28.36977427660125,14,0.012702437324447773
LA <= HR Q1 (26 deg),2.0,pitch_name,Sweeper,0.043478260869565216,0.013250883392226149,0.030227377477339067,0.1828386241768445,28.36977427660125,14,0.012702437324447773
LA <= HR Q1 (26 deg),2.0,if_fielding_alignment,<missing>,0.012422360248447204,0.013250883392226149,-0.0008285231437789448,-0.007360167435132634,1.3326497909171033,4,0.8558121691806237
LA <= HR Q1 (26 deg),2.0,if_fielding_alignment,Infield shade,0.07453416149068323,0.07597173144876325,-0.0014375699580800178,-0.005449508922039031,1.3326497909171033,4,0.8558121691806237
LA <= HR Q1 (26 deg),2.0,if_fielding_alignment,Infield shift,0.17391304347826086,0.17667844522968199,-0.0027654017514211204,-0.007273212911890242,1.3326497909171033,4,0.8558121691806237
LA <= HR Q1 (26 deg),2.0,if_fielding_alignment,Standard,0.6956521739130435,0.6678445229681979,0.027807650944845608,0.05972559510415484,1.3326497909171033,4,0.8558121691806237
LA <= HR Q1 (26 deg),2.0,if_fielding_alignment,Strategic,0.043478260869565216,0.06625441696113074,-0.022776156091565525,-0.10014391706413749,1.3326497909171033,4,0.8558121691806237
LA <= HR Q1 (26 deg),2.0,of_fielding_alignment,<missing>,0.012422360248447204,0.013250883392226149,-0.0008285231437789448,-0.007360167435132634,0.25906862653293694,2,0.8785044435419997
LA <= HR Q1 (26 deg),2.0,of_fielding_alignment,Standard,0.9316770186335404,0.9204946996466431,0.011182318986897255,0.04275054702112946,0.25906862653293694,2,0.8785044435419997
LA <= HR Q1 (26 deg),2.0,of_fielding_alignment,Strategic,0.055900621118012424,0.06625441696113074,-0.010353795843118317,-0.04324595964780365,0.25906862653293694,2,0.8785044435419997
LA <= HR Q1 (26 deg),5.0,inning_topbot,Bot,0.4669603524229075,0.475933908045977,-0.008973555623069507,-0.017977172551997884,0.09263479633355517,1,0.760853905347076
LA <= HR Q1 (26 deg),5.0,inning_topbot,Top,0.5330396475770925,0.524066091954023,0.008973555623069562,0.017977172551997996,0.09263479633355517,1,0.760853905347076
LA <= HR Q1 (26 deg),5.0,stand,L,0.3590308370044053,0.41810344827586204,-0.05907261127145674,-0.1214164604805577,5.390153554564957,1,0.02025068869699391
LA <= HR Q1 (26 deg),5.0,stand,R,0.6409691629955947,0.5818965517241379,0.0590726112714568,0.12141646048055779,5.390153554564957,1,0.02025068869699391
LA <= HR Q1 (26 deg),5.0,p_throws,L,0.2709251101321586,0.2661637931034483,0.004761317028710299,0.010743141694840792,0.024169364282553663,1,0.8764547493047183
LA <= HR Q1 (26 deg),5.0,p_throws,R,0.7290748898678414,0.7338362068965517,-0.004761317028710299,-0.010743141694840792,0.024169364282553663,1,0.8764547493047183
LA <= HR Q1 (26 deg),5.0,pitch_type,CH,0.11233480176211454,0.10739942528735633,0.00493537647475821,0.015782381149080493,10.21397589743711,14,0.7463780104693569
LA <= HR Q1 (26 deg),5.0,pitch_type,CU,0.03524229074889868,0.05172413793103448,-0.0164818471821358,-0.08088232310800744,10.21397589743711,14,0.7463780104693569
LA <= HR Q1 (26 deg),5.0,pitch_type,EP,0.0,0.0007183908045977011,-0.0007183908045977011,-0.03791852478573858,10.21397589743711,14,0.7463780104693569
LA <= HR Q1 (26 deg),5.0,pitch_type,FA,0.0,0.0014367816091954023,-0.0014367816091954023,-0.05364417807858201,10.21397589743711,14,0.7463780104693569
LA <= HR Q1 (26 deg),5.0,pitch_type,FC,0.08370044052863436,0.06968390804597702,0.014016532482657343,0.05269173207770257,10.21397589743711,14,0.7463780104693569
LA <= HR Q1 (26 deg),5.0,pitch_type,FF,0.394273127753304,0.3875718390804598,0.006701288672844197,0.013733681041029129,10.21397589743711,14,0.7463780104693569
LA <= HR Q1 (26 deg),5.0,pitch_type,FO,0.0022026431718061676,0.0007183908045977011,0.0014842523672084665,0.038873517770658866,10.21397589743711,14,0.7463780104693569
LA <= HR Q1 (26 deg),5.0,pitch_type,FS,0.01762114537444934,0.018318965517241378,-0.0006978201427920369,-0.005253006345414639,10.21397589743711,14,0.7463780104693569
LA <= HR Q1 (26 deg),5.0,pitch_type,KC,0.019823788546255508,0.017600574712643677,0.0022232138336118305,0.016407236323491066,10.21397589743711,14,0.7463780104693569
LA <= HR Q1 (26 deg),5.0,pitch_type,KN,0.006607929515418502,0.0021551724137931034,0.004452757101625399,0.06745520696003324,10.21397589743711,14,0.7463780104693569
LA <= HR Q1 (26 deg),5.0,pitch_type,SC,0.0,0.00035919540229885057,-0.00035919540229885057,-0.02680762839179948,10.21397589743711,14,0.7463780104693569
LA <= HR Q1 (26 deg),5.0,pitch_type,SI,0.17400881057268722,0.18929597701149425,-0.015287166438807037,-0.0396572763061496,10.21397589743711,14,0.7463780104693569
LA <= HR Q1 (26 deg),5.0,pitch_type,SL,0.12334801762114538,0.13038793103448276,-0.007039913413337387,-0.02115317904800962,10.21397589743711,14,0.7463780104693569
LA <= HR Q1 (26 deg),5.0,pitch_type,ST,0.024229074889867842,0.01867816091954023,0.005550913970327611,0.03831803336137562,10.21397589743711,14,0.7463780104693569
LA <= HR Q1 (26 deg),5.0,pitch_type,SV,0.006607929515418502,0.003951149425287357,0.0026567800901311457,0.03666739340786389,10.21397589743711,14,0.7463780104693569
LA <= HR Q1 (26 deg),5.0,pitch_name,4-Seam Fastball,0.394273127753304,0.3875718390804598,0.006701288672844197,0.013733681041029129,10.21397589743711,14,0.7463780104693569
LA <= HR Q1 (26 deg),5.0,pitch_name,Changeup,0.11233480176211454,0.10739942528735633,0.00493537647475821,0.015782381149080493,10.21397589743711,14,0.7463780104693569
LA <= HR Q1 (26 deg),5.0,pitch_name,Curveball,0.03524229074889868,0.05172413793103448,-0.0164818471821358,-0.08088232310800744,10.21397589743711,14,0.7463780104693569
LA <= HR Q1 (26 deg),5.0,pitch_name,Cutter,0.08370044052863436,0.06968390804597702,0.014016532482657343,0.05269173207770257,10.21397589743711,14,0.7463780104693569
LA <= HR Q1 (26 deg),5.0,pitch_name,Eephus,0.0,0.0007183908045977011,-0.0007183908045977011,-0.03791852478573858,10.21397589743711,14,0.7463780104693569
LA <= HR Q1 (26 deg),5.0,pitch_name,Forkball,0.0022026431718061676,0.0007183908045977011,0.0014842523672084665,0.038873517770658866,10.21397589743711,14,0.7463780104693569
LA <= HR Q1 (26 deg),5.0,pitch_name,Knuckle Curve,0.019823788546255508,0.017600574712643677,0.0022232138336118305,0.016407236323491066,10.21397589743711,14,0.7463780104693569
LA <= HR Q1 (26 deg),5.0,pitch_name,Knuckleball,0.006607929515418502,0.0021551724137931034,0.004452757101625399,0.06745520696003324,10.21397589743711,14,0.7463780104693569
LA <= HR Q1 (26 deg),5.0,pitch_name,Other,0.0,0.0014367816091954023,-0.0014367816091954023,-0.05364417807858201,10.21397589743711,14,0.7463780104693569
LA <= HR Q1 (26 deg),5.0,pitch_name,Screwball,0.0,0.00035919540229885057,-0.00035919540229885057,-0.02680762839179948,10.21397589743711,14,0.7463780104693569
LA <= HR Q1 (26 deg),5.0,pitch_name,Sinker,0.17400881057268722,0.18929597701149425,-0.015287166438807037,-0.0396572763061496,10.21397589743711,14,0.7463780104693569
LA <= HR Q1 (26 deg),5.0,pitch_name,Slider,0.12334801762114538,0.13038793103448276,-0.007039913413337387,-0.02115317904800962,10.21397589743711,14,0.7463780104693569
LA <= HR Q1 (26 deg),5.0,pitch_name,Slurve,0.006607929515418502,0.003951149425287357,0.0026567800901311457,0.03666739340786389,10.21397589743711,14,0.7463780104693569
LA <= HR Q1 (26 deg),5.0,pitch_name,Split-Finger,0.01762114537444934,0.018318965517241378,-0.0006978201427920369,-0.005253006345414639,10.21397589743711,14,0.7463780104693569
LA <= HR Q1 (26 deg),5.0,pitch_name,Sweeper,0.024229074889867842,0.01867816091954023,0.005550913970327611,0.03831803336137562,10.21397589743711,14,0.7463780104693569
LA <= HR Q1 (26 deg),5.0,if_fielding_alignment,<missing>,0.006607929515418502,0.010416666666666666,-0.0038087371512481637,-0.04146744269632349,4.264215931813859,4,0.37142745251230225
LA <= HR Q1 (26 deg),5.0,if_fielding_alignment,Infield shade,0.06167400881057269,0.07938218390804598,-0.017708175097473293,-0.06920451540623378,4.264215931813859,4,0.37142745251230225
LA <= HR Q1 (26 deg),5.0,if_fielding_alignment,Infield shift,0.1894273127753304,0.16415229885057472,0.025275013924755674,0.06628966845153819,4.264215931813859,4,0.37142745251230225
LA <= HR Q1 (26 deg),5.0,if_fielding_alignment,Standard,0.6894273127753304,0.6835488505747126,0.005878462200617829,0.012671525967772759,4.264215931813859,4,0.37142745251230225
LA <= HR Q1 (26 deg),5.0,if_fielding_alignment,Strategic,0.05286343612334802,0.0625,-0.009636563876651981,-0.04134253186064842,4.264215931813859,4,0.37142745251230225
LA <= HR Q1 (26 deg),5.0,of_fielding_alignment,<missing>,0.006607929515418502,0.010416666666666666,-0.0038087371512481637,-0.04146744269632349,0.5863264017779949,2,0.7459003991550821
LA <= HR Q1 (26 deg),5.0,of_fielding_alignment,Standard,0.9361233480176211,0.9335488505747126,0.0025744974429084966,0.010431027672727366,0.5863264017779949,2,0.7459003991550821
LA <= HR Q1 (26 deg),5.0,of_fielding_alignment,Strategic,0.05726872246696035,0.05603448275862069,0.0012342397083396628,0.005338987498638948,0.5863264017779949,2,0.7459003991550821
