variable,group,dtype,n,missing_n,missing_pct,n_unique,mean,std,min,q25,median,q75,max,top_values
game_pk,all,Int64,630,0,0.0,625,,,,,,,,530052: 2; 565968: 2; 565005: 2; 565770: 2; 492156: 2; 632214: 1; 634327: 1; 634352: 1; 634332: 1; 634367: 1
game_pk,home_run,Int64,86,0,0.0,85,,,,,,,,565770: 2; 565572: 1; 567199: 1; 567499: 1; 565842: 1; 566814: 1; 565365: 1; 565945: 1; 567524: 1; 567426: 1
game_pk,control,Int64,544,0,0.0,541,,,,,,,,565968: 2; 530052: 2; 492156: 2; 416060: 1; 661218: 1; 662631: 1; 662598: 1; 662063: 1; 661667: 1; 662641: 1
game_date,all,datetime64[ns],630,0,0.0,544,,,,,,,,2015-10-03: 4; 2022-09-25: 4; 2017-09-04: 3; 2019-05-12: 3; 2018-05-16: 3; 2022-07-02: 3; 2023-07-24: 3; 2019-09-11: 3; 2021-08-18: 3; 2019-09-01: 2
game_date,home_run,datetime64[ns],86,0,0.0,83,,,,,,,,2017-09-14: 2; 2019-09-24: 2; 2019-08-31: 2; 2015-06-28: 1; 2019-08-18: 1; 2019-06-11: 1; 2019-06-23: 1; 2019-07-02: 1; 2019-07-16: 1; 2019-07-18: 1
game_date,control,datetime64[ns],544,0,0.0,479,,,,,,,,2015-10-03: 4; 2022-09-25: 4; 2023-07-24: 3; 2018-05-16: 3; 2022-07-02: 3; 2021-08-18: 3; 2024-03-30: 2; 2018-04-17: 2; 2019-04-24: 2; 2019-05-04: 2
game_year,all,Int64,630,0,0.0,10,2019.4873015873015,2.899865248965827,2015.0,2017.0,2019.0,2022.0,2024.0,
game_year,home_run,Int64,86,0,0.0,10,2018.453488372093,2.268230596971937,2015.0,2017.0,2018.0,2019.0,2024.0,
game_year,control,Int64,544,0,0.0,10,2019.6507352941176,2.9562929433048692,2015.0,2017.0,2019.0,2022.0,2024.0,
game_type,all,object,630,0,0.0,4,,,,,,,,R: 621; S: 7; D: 1; F: 1
game_type,home_run,object,86,0,0.0,2,,,,,,,,R: 85; S: 1
game_type,control,object,544,0,0.0,4,,,,,,,,R: 536; S: 6; D: 1; F: 1
home_team,all,object,630,0,0.0,28,,,,,,,,BOS: 34; MIN: 33; BAL: 31; ATL: 30; KC: 30; SF: 28; TOR: 27; PIT: 27; SEA: 27; NYY: 25
home_team,home_run,object,86,0,0.0,25,,,,,,,,LAA: 8; NYY: 8; BAL: 7; KC: 6; TB: 5; TEX: 5; MIA: 4; ATL: 4; NYM: 4; DET: 3
home_team,control,object,544,0,0.0,28,,,,,,,,BOS: 32; MIN: 30; ATL: 26; PIT: 26; SF: 25; SEA: 25; TOR: 24; KC: 24; BAL: 24; COL: 21
away_team,all,object,630,0,0.0,30,,,,,,,,TOR: 31; MIA: 29; ATH: 27; DET: 27; MIL: 27; BAL: 26; BOS: 25; CLE: 25; SEA: 24; CWS: 24
away_team,home_run,object,86,0,0.0,28,,,,,,,,CLE: 7; DET: 6; BOS: 6; PHI: 5; MIA: 5; SEA: 5; MIN: 5; BAL: 4; HOU: 4; ATH: 4
away_team,control,object,544,0,0.0,30,,,,,,,,TOR: 29; MIL: 26; MIA: 24; ATH: 23; BAL: 22; KC: 22; DET: 21; CWS: 21; COL: 20; ATL: 20
batter,all,Int64,630,0,0.0,408,,,,,,,,666182: 6; 527038: 6; 596019: 5; 543305: 5; 446334: 5; 656775: 5; 503556: 4; 592206: 4; 598265: 4; 435559: 4
batter,home_run,Int64,86,0,0.0,79,,,,,,,,673548: 2; 475174: 2; 641531: 2; 660271: 2; 435559: 2; 596019: 2; 446334: 2; 502273: 1; 493329: 1; 605113: 1
batter,control,Int64,544,0,0.0,371,,,,,,,,666182: 5; 656775: 5; 527038: 5; 543305: 5; 650333: 4; 598265: 4; 518792: 4; 669242: 4; 643217: 4; 453568: 4
pitcher,all,Int64,630,0,0.0,450,,,,,,,,527048: 6; 519144: 5; 669432: 4; 592662: 4; 592332: 4; 571945: 4; 542881: 4; 554430: 3; 601713: 3; 605540: 3
pitcher,home_run,Int64,86,0,0.0,82,,,,,,,,519144: 3; 601713: 2; 571666: 2; 407845: 1; 453265: 1; 502042: 1; 570666: 1; 548389: 1; 458681: 1; 545333: 1
pitcher,control,Int64,544,0,0.0,404,,,,,,,,527048: 5; 592332: 4; 571945: 4; 542881: 4; 592662: 4; 669432: 4; 452657: 3; 453329: 3; 579328: 3; 690986: 3
at_bat_number,all,Int64,630,0,0.0,90,39.284126984126985,22.664489403475567,1.0,19.0,40.0,57.0,113.0,
at_bat_number,home_run,Int64,86,0,0.0,55,36.47674418604651,21.67336491922804,1.0,18.0,37.0,54.5,86.0,
at_bat_number,control,Int64,544,0,0.0,89,39.72794117647059,22.80478994361106,1.0,20.0,40.0,57.0,113.0,
pitch_number,all,Int64,630,0,0.0,10,3.473015873015873,1.895958914751296,1.0,2.0,3.0,5.0,11.0,
pitch_number,home_run,Int64,86,0,0.0,8,3.627906976744186,1.728967809232583,1.0,2.0,3.0,5.0,8.0,
pitch_number,control,Int64,544,0,0.0,10,3.448529411764706,1.9213632857283323,1.0,2.0,3.0,5.0,11.0,
inning,all,Int64,630,0,0.0,13,5.041269841269841,2.6348909300459566,1.0,3.0,5.0,7.0,13.0,
inning,home_run,Int64,86,0,0.0,10,4.744186046511628,2.6220155987853313,1.0,2.0,4.5,7.0,11.0,
inning,control,Int64,544,0,0.0,13,5.088235294117647,2.6362554733169645,1.0,3.0,5.0,7.0,13.0,
inning_topbot,all,object,630,0,0.0,2,,,,,,,,Top: 336; Bot: 294
inning_topbot,home_run,object,86,0,0.0,2,,,,,,,,Top: 46; Bot: 40
inning_topbot,control,object,544,0,0.0,2,,,,,,,,Top: 290; Bot: 254
events,all,object,630,0,0.0,6,,,,,,,,field_out: 319; double: 181; home_run: 86; triple: 33; sac_fly: 8; single: 3
events,home_run,object,86,0,0.0,1,,,,,,,,home_run: 86
events,control,object,544,0,0.0,5,,,,,,,,field_out: 319; double: 181; triple: 33; sac_fly: 8; single: 3
description,all,object,630,0,0.0,1,,,,,,,,hit_into_play: 630
description,home_run,object,86,0,0.0,1,,,,,,,,hit_into_play: 86
description,control,object,544,0,0.0,1,,,,,,,,hit_into_play: 544
type,all,object,630,0,0.0,1,,,,,,,,X: 630
type,home_run,object,86,0,0.0,1,,,,,,,,X: 86
type,control,object,544,0,0.0,1,,,,,,,,X: 544
bb_type,all,object,630,0,0.0,1,,,,,,,,fly_ball: 630
bb_type,home_run,object,86,0,0.0,1,,,,,,,,fly_ball: 86
bb_type,control,object,544,0,0.0,1,,,,,,,,fly_ball: 544
launch_speed,all,Float64,630,0,0.0,171,99.79047619047618,4.067495500390396,87.1,97.4,100.3,102.4,110.6,
launch_speed,home_run,Float64,86,0,0.0,62,102.23023255813952,3.017988023499484,95.2,99.9,102.30000000000001,104.675,108.2,
launch_speed,control,Float64,544,0,0.0,164,99.40477941176471,4.080106608023253,87.1,96.7,100.0,102.1,110.6,
launch_angle,all,Int64,630,0,0.0,12,24.071428571428573,1.8920743885244569,15.0,23.0,25.0,26.0,26.0,
launch_angle,home_run,Int64,86,0,0.0,8,23.75581395348837,1.9818947945701324,19.0,22.0,24.0,25.0,26.0,
launch_angle,control,Int64,544,0,0.0,12,24.121323529411764,1.8745129002938334,15.0,23.0,25.0,26.0,26.0,
hc_x,all,Float64,630,0,0.0,612,128.03655555555557,39.61157605740121,24.39,98.2525,129.14499999999998,158.84,208.44,
hc_x,home_run,Float64,86,0,0.0,85,117.5777906976744,32.127768396208026,24.39,94.89500000000001,117.465,141.44,182.32,
hc_x,control,Float64,544,0,0.0,535,129.6899632352941,40.44682796066556,34.4,98.8075,132.91,163.1875,208.44,
hc_y,all,Float64,630,0,0.0,588,49.94226984126984,20.92943169452639,11.51,36.11,45.16,58.6575,124.94,
hc_y,home_run,Float64,86,0,0.0,85,29.161860465116284,10.59596188473014,11.51,22.4625,27.560000000000002,33.67,74.7,
hc_y,control,Float64,544,0,0.0,511,53.22740808823529,20.26421371181273,17.52,39.5325,47.245,62.5,124.94,
hit_distance_sc,all,Int64,630,0,0.0,138,378.1301587301587,29.57535515805621,272.0,364.0,383.0,399.0,446.0,
hit_distance_sc,home_run,Int64,86,0,0.0,45,410.8953488372093,14.452379466019503,375.0,402.0,411.5,419.0,446.0,
hit_distance_sc,control,Int64,544,0,0.0,125,372.95036764705884,27.9934108244841,272.0,358.0,379.0,393.0,432.0,
release_spin_rate,all,Int64,622,8,0.012698412698412698,466,2189.371382636656,321.74650509936686,958.0,2037.25,2228.5,2386.0,3213.0,
release_spin_rate,home_run,Int64,83,3,0.03488372093023256,78,2134.5542168674697,312.2206948115172,1201.0,1970.0,2168.0,2325.0,2968.0,
release_spin_rate,control,Int64,539,5,0.009191176470588236,417,2197.812615955473,322.64331726399405,958.0,2039.5,2234.0,2395.0,3213.0,
outs_when_up,all,Int64,630,0,0.0,3,1.0015873015873016,0.7803207655418324,0.0,0.0,1.0,2.0,2.0,
outs_when_up,home_run,Int64,86,0,0.0,3,0.9534883720930233,0.8247206549412538,0.0,0.0,1.0,2.0,2.0,
outs_when_up,control,Int64,544,0,0.0,3,1.0091911764705883,0.7735903762316624,0.0,0.0,1.0,2.0,2.0,
on_1b,all,Int64,191,439,0.6968253968253968,165,,,,,,,,677951: 3; 455976: 3; 434778: 2; 665489: 2; 516416: 2; 621043: 2; 593160: 2; 643217: 2; 457705: 2; 571745: 2
on_1b,home_run,Int64,26,60,0.6976744186046512,26,,,,,,,,444843: 1; 593934: 1; 641355: 1; 425877: 1; 608385: 1; 606213: 1; 643376: 1; 665742: 1; 640457: 1; 605480: 1
on_1b,control,Int64,165,379,0.6966911764705882,144,,,,,,,,455976: 3; 677951: 3; 541645: 2; 621043: 2; 641553: 2; 643217: 2; 593428: 2; 665489: 2; 656308: 2; 669261: 2
on_2b,all,Int64,121,509,0.807936507936508,112,,,,,,,,673357: 2; 622761: 2; 607680: 2; 592192: 2; 542303: 2; 645277: 2; 592743: 2; 523253: 2; 605141: 2; 542993: 1
on_2b,home_run,Int64,17,69,0.8023255813953488,17,,,,,,,,592518: 1; 608700: 1; 664058: 1; 606157: 1; 605421: 1; 543510: 1; 474568: 1; 547379: 1; 592743: 1; 596146: 1
on_2b,control,Int64,104,440,0.8088235294117647,96,,,,,,,,645277: 2; 673357: 2; 607680: 2; 592192: 2; 622761: 2; 523253: 2; 605141: 2; 542303: 2; 571976: 1; 545121: 1
on_3b,all,Int64,49,581,0.9222222222222223,47,,,,,,,,542340: 2; 621035: 2; 453064: 1; 644374: 1; 664670: 1; 606992: 1; 642211: 1; 607680: 1; 657557: 1; 668715: 1
on_3b,home_run,Int64,6,80,0.9302325581395349,5,,,,,,,,542340: 2; 648717: 1; 461858: 1; 664670: 1; 657557: 1
on_3b,control,Int64,43,501,0.9209558823529411,42,,,,,,,,621035: 2; 453064: 1; 592669: 1; 606992: 1; 642211: 1; 607680: 1; 668715: 1; 650859: 1; 673490: 1; 644374: 1
home_score,all,Int64,630,0,0.0,14,2.2063492063492065,2.543477147270595,0.0,0.0,1.0,4.0,14.0,
home_score,home_run,Int64,86,0,0.0,11,2.302325581395349,2.492670514277741,0.0,0.0,2.0,4.0,11.0,
home_score,control,Int64,544,0,0.0,14,2.1911764705882355,2.5533416688380584,0.0,0.0,1.0,4.0,14.0,
away_score,all,Int64,630,0,0.0,15,2.4682539682539684,2.5633050379522806,0.0,0.0,2.0,4.0,14.0,
away_score,home_run,Int64,86,0,0.0,10,2.197674418604651,2.1574482064091116,0.0,0.0,2.0,4.0,9.0,
away_score,control,Int64,544,0,0.0,15,2.511029411764706,2.620901193023132,0.0,0.0,2.0,4.0,14.0,
bat_score,all,Int64,630,0,0.0,13,2.4460317460317462,2.4357123967647953,0.0,0.0,2.0,4.0,12.0,
bat_score,home_run,Int64,86,0,0.0,10,2.3255813953488373,2.203963597783701,0.0,1.0,2.0,4.0,9.0,
bat_score,control,Int64,544,0,0.0,13,2.4650735294117645,2.471694789553317,0.0,0.0,2.0,4.0,12.0,
fld_score,all,Int64,630,0,0.0,15,2.2285714285714286,2.6679174143042803,0.0,0.0,1.0,3.0,14.0,
fld_score,home_run,Int64,86,0,0.0,11,2.1744186046511627,2.4504110601866556,0.0,0.0,1.5,4.0,11.0,
fld_score,control,Int64,544,0,0.0,15,2.2371323529411766,2.702706482835004,0.0,0.0,1.0,3.0,14.0,
bat_win_exp,all,Float64,630,0,0.0,428,0.5430047619047619,0.29207734396568885,0.001,0.3475,0.5415000000000001,0.7907500000000001,0.999,
bat_win_exp,home_run,Float64,86,0,0.0,79,0.5144883720930232,0.27200946108917723,0.003,0.31125,0.513,0.69075,0.999,
bat_win_exp,control,Float64,544,0,0.0,385,0.5475128676470588,0.29510869461760514,0.001,0.35224999999999995,0.5505,0.809,0.999,
home_win_exp,all,Float64,630,0,0.0,423,0.4959698412698413,0.29520375444881164,0.001,0.25125,0.5205,0.70375,0.999,
home_win_exp,home_run,Float64,86,0,0.0,81,0.5235581395348837,0.27136693650311594,0.001,0.3115,0.5235000000000001,0.71875,0.997,
home_win_exp,control,Float64,544,0,0.0,378,0.49160845588235297,0.2987979650919653,0.001,0.226,0.518,0.7032499999999999,0.999,
delta_home_win_exp,all,Float64,630,0,0.0,258,-0.0031333333333333335,0.09684889645235074,-0.418,-0.0315,0.0,0.025,0.614,
delta_home_win_exp,home_run,Float64,86,0,0.0,79,0.008197674418604651,0.1909974942716722,-0.408,-0.124,-0.0045000000000000005,0.11425,0.614,
delta_home_win_exp,control,Float64,544,0,0.0,203,-0.004924632352941177,0.07163245030884736,-0.418,-0.027,0.0,0.021,0.373,
delta_run_exp,all,Float64,630,0,0.0,386,0.3407126984126984,0.6981654599995815,-0.458,-0.251,-0.1625,0.7955000000000001,2.639,
delta_run_exp,home_run,Float64,86,0,0.0,77,1.521383720930232,0.5115419405174367,0.901,1.125,1.4135,1.6245,2.639,
delta_run_exp,control,Float64,544,0,0.0,313,0.1540625,0.5176792842971637,-0.458,-0.259,-0.1935,0.6932499999999999,1.378,
stand,all,object,630,0,0.0,2,,,,,,,,R: 375; L: 255
stand,home_run,object,86,0,0.0,2,,,,,,,,R: 56; L: 30
stand,control,object,544,0,0.0,2,,,,,,,,R: 319; L: 225
p_throws,all,object,630,0,0.0,2,,,,,,,,R: 442; L: 188
p_throws,home_run,object,86,0,0.0,2,,,,,,,,R: 64; L: 22
p_throws,control,object,544,0,0.0,2,,,,,,,,R: 378; L: 166
n_thruorder_pitcher,all,Int64,630,0,0.0,4,1.561904761904762,0.7783698614115008,1.0,1.0,1.0,2.0,4.0,
n_thruorder_pitcher,home_run,Int64,86,0,0.0,4,1.5348837209302326,0.7623134204682427,1.0,1.0,1.0,2.0,4.0,
n_thruorder_pitcher,control,Int64,544,0,0.0,4,1.5661764705882353,0.7814818608382387,1.0,1.0,1.0,2.0,4.0,
pitch_type,all,object,630,0,0.0,13,,,,,,,,FF: 242; SI: 109; SL: 81; CH: 72; FC: 44; CU: 37; FS: 15; ST: 13; KC: 8; SV: 6
pitch_type,home_run,object,86,0,0.0,10,,,,,,,,FF: 30; SI: 18; CH: 14; SL: 8; FC: 6; ST: 6; FS: 1; FO: 1; KN: 1; SV: 1
pitch_type,control,object,544,0,0.0,11,,,,,,,,FF: 212; SI: 91; SL: 73; CH: 58; FC: 38; CU: 37; FS: 14; KC: 8; ST: 7; SV: 5
pitch_name,all,object,630,0,0.0,13,,,,,,,,4-Seam Fastball: 242; Sinker: 109; Slider: 81; Changeup: 72; Cutter: 44; Curveball: 37; Split-Finger: 15; Sweeper: 13; Knuckle Curve: 8; Slurve: 6
pitch_name,home_run,object,86,0,0.0,10,,,,,,,,4-Seam Fastball: 30; Sinker: 18; Changeup: 14; Slider: 8; Cutter: 6; Sweeper: 6; Split-Finger: 1; Forkball: 1; Knuckleball: 1; Slurve: 1
pitch_name,control,object,544,0,0.0,11,,,,,,,,4-Seam Fastball: 212; Sinker: 91; Slider: 73; Changeup: 58; Cutter: 38; Curveball: 37; Split-Finger: 14; Knuckle Curve: 8; Sweeper: 7; Slurve: 5
release_speed,all,Float64,630,0,0.0,213,89.14746031746031,5.837697639526841,53.7,85.125,90.25,93.8,100.7,
release_speed,home_run,Float64,86,0,0.0,68,89.19651162790699,5.390109628360591,78.8,84.9,89.55,93.1,100.1,
release_speed,control,Float64,544,0,0.0,204,89.13970588235294,5.9099663541717655,53.7,85.35000000000001,90.35,93.825,100.7,
effective_speed,all,Float64,629,1,0.0015873015873015873,213,89.00826709062002,5.993472698350585,51.7,85.0,90.2,93.7,102.0,
effective_speed,home_run,Float64,85,1,0.011627906976744186,68,89.07764705882354,5.394736775223568,78.2,84.9,90.1,93.1,100.7,
effective_speed,control,Float64,544,0,0.0,202,88.99742647058824,6.086197347520276,51.7,85.07499999999999,90.2,93.7,102.0,
plate_x,all,Float64,630,0,0.0,630,0.0014138175709310055,0.45244963450952774,-1.2971709886896037,-0.31650269701397976,0.00262952811402455,0.3344457550043009,1.3188868425174796,
plate_x,home_run,Float64,86,0,0.0,86,-0.07510901819734075,0.46500697692502,-1.1448638267605675,-0.4017450994017694,-0.10802910148390474,0.26876079593001917,1.1961613980640768,
plate_x,control,Float64,544,0,0.0,544,0.013511177637238678,0.4496778664974522,-1.2971709886896037,-0.29655920586577766,0.0261148021408451,0.34685371646658186,1.3188868425174796,
plate_z,all,Float64,630,0,0.0,630,2.3896113758245936,0.5064120437585228,0.7000676468012674,2.033900946367799,2.379050029121651,2.7551655767449352,3.70948173904043,
plate_z,home_run,Float64,86,0,0.0,86,2.4147964653550384,0.5564713830164499,1.0698049550298403,1.9627665253383924,2.381935875950912,2.8382968897923515,3.6755665055284696,
plate_z,control,Float64,544,0,0.0,544,2.385629909465001,0.49847784889863544,0.7000676468012674,2.0546740772700853,2.379050029121651,2.732826182955566,3.70948173904043,
pfx_x,all,Float64,630,0,0.0,280,-0.11212698412698413,0.8762727739182845,-1.82,-0.84,-0.25,0.6375,2.02,
pfx_x,home_run,Float64,86,0,0.0,78,-0.17453488372093026,0.9502825053347455,-1.71,-0.9275,-0.385,0.5874999999999999,1.57,
pfx_x,control,Float64,544,0,0.0,262,-0.10226102941176471,0.8645186430750657,-1.82,-0.82,-0.22,0.6425000000000001,2.02,
pfx_z,all,Float64,630,0,0.0,230,0.723920634920635,0.705683283571205,-1.45,0.34,0.85,1.29,1.93,
pfx_z,home_run,Float64,86,0,0.0,70,0.7772093023255814,0.6088555342275437,-0.46,0.2975,0.85,1.3250000000000002,1.93,
pfx_z,control,Float64,544,0,0.0,218,0.7154963235294118,0.7199374154207702,-1.45,0.34,0.855,1.28,1.9,
zone,all,Int64,630,0,0.0,13,6.031746031746032,3.088870497914352,1.0,4.0,5.0,8.0,14.0,
zone,home_run,Int64,86,0,0.0,13,6.186046511627907,3.126778563641262,1.0,4.0,6.0,8.0,14.0,
zone,control,Int64,544,0,0.0,13,6.007352941176471,3.0850350452848834,1.0,4.0,5.0,8.0,14.0,
if_fielding_alignment,all,object,626,4,0.006349206349206349,4,,,,,,,,Standard: 430; Infield shift: 113; Infield shade: 43; Strategic: 40
if_fielding_alignment,home_run,object,85,1,0.011627906976744186,4,,,,,,,,Standard: 60; Infield shift: 16; Infield shade: 5; Strategic: 4
if_fielding_alignment,control,object,541,3,0.0055147058823529415,4,,,,,,,,Standard: 370; Infield shift: 97; Infield shade: 38; Strategic: 36
of_fielding_alignment,all,object,626,4,0.006349206349206349,2,,,,,,,,Standard: 586; Strategic: 40
of_fielding_alignment,home_run,object,85,1,0.011627906976744186,2,,,,,,,,Standard: 80; Strategic: 5
of_fielding_alignment,control,object,541,3,0.0055147058823529415,2,,,,,,,,Standard: 506; Strategic: 35
hit_location,all,Int64,525,105,0.16666666666666666,3,,,,,,,,8: 325; 9: 108; 7: 92
hit_location,home_run,Int64,0,86,1.0,0,,,,,,,,
hit_location,control,Int64,525,19,0.034926470588235295,3,,,,,,,,8: 325; 9: 108; 7: 92
fielder_2,all,Int64,630,0,0.0,161,,,,,,,,592663: 17; 425877: 14; 521692: 14; 518735: 13; 543877: 13; 506702: 12; 435559: 12; 572287: 12; 596142: 11; 543510: 10
fielder_2,home_run,Int64,86,0,0.0,54,,,,,,,,456078: 4; 506702: 4; 592663: 4; 596142: 4; 572287: 3; 547379: 2; 457763: 2; 571466: 2; 668670: 2; 642082: 2
fielder_2,control,Int64,544,0,0.0,157,,,,,,,,425877: 14; 521692: 13; 518735: 13; 592663: 13; 543877: 11; 543510: 10; 435559: 10; 572287: 9; 571912: 9; 643376: 9
fielder_3,all,Int64,630,0,0.0,193,,,,,,,,518692: 21; 547989: 17; 605137: 15; 474832: 14; 502671: 14; 467793: 14; 621566: 14; 543333: 14; 448801: 14; 519203: 12
fielder_3,home_run,Int64,86,0,0.0,62,,,,,,,,571506: 5; 621566: 3; 493329: 3; 467793: 2; 641820: 2; 656811: 2; 448801: 2; 405395: 2; 572228: 2; 474832: 2
fielder_3,control,Int64,544,0,0.0,179,,,,,,,,518692: 21; 547989: 15; 605137: 14; 543333: 13; 502671: 13; 448801: 12; 474832: 12; 467793: 12; 664034: 11; 621566: 11
fielder_4,all,Int64,630,0,0.0,210,,,,,,,,593160: 19; 570731: 16; 429664: 15; 596059: 15; 624428: 15; 645277: 14; 514888: 12; 435079: 12; 518934: 12; 605412: 11
fielder_4,home_run,Int64,86,0,0.0,56,,,,,,,,516770: 4; 593160: 4; 543401: 3; 596059: 3; 476704: 3; 514888: 3; 570731: 3; 650402: 3; 456030: 3; 429664: 3
fielder_4,control,Int64,544,0,0.0,194,,,,,,,,593160: 15; 624428: 14; 645277: 14; 570731: 13; 429664: 12; 596059: 12; 518934: 12; 543939: 11; 435079: 10; 605412: 9
fielder_5,all,Int64,630,0,0.0,209,,,,,,,,572122: 19; 592518: 19; 571448: 19; 656305: 15; 543685: 15; 570482: 14; 446334: 13; 646240: 12; 600869: 11; 660162: 11
fielder_5,home_run,Int64,86,0,0.0,59,,,,,,,,543768: 4; 446334: 3; 445988: 3; 600869: 3; 572122: 3; 134181: 3; 593934: 3; 608324: 3; 641531: 2; 592518: 2
fielder_5,control,Int64,544,0,0.0,198,,,,,,,,571448: 18; 592518: 17; 572122: 16; 543685: 14; 656305: 13; 570482: 12; 553993: 11; 646240: 11; 519058: 10; 446334: 10
fielder_6,all,Int64,630,0,0.0,168,,,,,,,,593428: 27; 607208: 19; 596019: 17; 444876: 16; 621043: 16; 462101: 14; 592743: 14; 641487: 14; 641313: 14; 595879: 14
fielder_6,home_run,Int64,86,0,0.0,51,,,,,,,,593428: 7; 596019: 4; 544369: 4; 588751: 3; 592743: 3; 595879: 3; 520471: 3; 621043: 3; 543063: 3; 462101: 3
fielder_6,control,Int64,544,0,0.0,158,,,,,,,,593428: 20; 607208: 17; 641487: 14; 444876: 14; 596019: 13; 621043: 13; 677951: 12; 641313: 12; 592743: 11; 462101: 11
fielder_7,all,Int64,630,0,0.0,284,,,,,,,,643217: 14; 460086: 13; 542303: 13; 665742: 10; 572816: 10; 457708: 9; 592885: 9; 572041: 8; 669720: 8; 458731: 8
fielder_7,home_run,Int64,86,0,0.0,69,,,,,,,,458731: 3; 643217: 3; 572816: 3; 460086: 3; 518618: 2; 455759: 2; 621493: 2; 608577: 2; 460075: 2; 573262: 2
fielder_7,control,Int64,544,0,0.0,267,,,,,,,,542303: 12; 643217: 11; 460086: 10; 665742: 9; 457708: 8; 592885: 8; 572041: 8; 444482: 7; 572816: 7; 608336: 7
fielder_8,all,Int64,630,0,0.0,221,,,,,,,,598265: 21; 572191: 17; 607680: 14; 456715: 13; 545361: 13; 656775: 13; 595281: 12; 430945: 11; 543305: 10; 663757: 9
fielder_8,home_run,Int64,86,0,0.0,68,,,,,,,,598265: 5; 543305: 4; 621446: 3; 543807: 3; 516782: 2; 546318: 2; 542979: 2; 656775: 2; 645302: 2; 621453: 2
fielder_8,control,Int64,544,0,0.0,211,,,,,,,,598265: 16; 572191: 16; 607680: 13; 545361: 12; 456715: 12; 656775: 11; 595281: 11; 430945: 10; 665750: 9; 453568: 8
fielder_9,all,Int64,630,0,0.0,232,,,,,,,,605141: 18; 455976: 16; 596146: 16; 592206: 13; 571745: 11; 543807: 11; 570256: 11; 592669: 11; 547180: 10; 592450: 10
fielder_9,home_run,Int64,86,0,0.0,62,,,,,,,,605141: 6; 608577: 3; 592450: 3; 502210: 3; 605119: 2; 622682: 2; 572039: 2; 592206: 2; 594777: 2; 570267: 2
fielder_9,control,Int64,544,0,0.0,219,,,,,,,,455976: 15; 596146: 14; 605141: 12; 592206: 11; 543807: 11; 570256: 10; 592669: 10; 547180: 9; 571745: 9; 623993: 8
spray_angle_deg,all,float64,630,0,0.0,630,1.3093947858658075,16.652916612518208,-44.037042661372084,-9.65519507632771,1.2925941581678937,12.21967799348024,42.45902807717245,
spray_angle_deg,home_run,float64,86,0,0.0,86,-2.8099687859046156,11.230244511841855,-39.26920152262962,-10.121447479417107,-2.5424302997016435,5.296365969994065,19.77182676436285,
spray_angle_deg,control,float64,544,0,0.0,544,1.9606177034618673,17.273870874641624,-44.037042661372084,-9.556189519970749,2.7064000564876496,14.086824312754235,42.45902807717245,
fence_dist_ft,all,float64,630,0,0.0,629,391.0864230423017,18.29043903455699,320.8943765535894,380.6368231579835,393.6229715784965,403.9324360235991,433.31712377655117,
fence_dist_ft,home_run,float64,86,0,0.0,86,401.49930466921364,13.254837844231444,373.2926111825273,391.4240901185101,402.39060611174017,410.38381397908097,433.31712377655117,
fence_dist_ft,control,float64,544,0,0.0,543,389.44026896157663,18.442738427253857,320.8943765535894,378.4135776913741,392.10675549784366,402.984222323636,433.22852398526044,
fence_height_ft,all,float64,630,0,0.0,13,8.514126984126984,3.034759223572385,4.0,8.0,8.0,8.0,37.0,
fence_height_ft,home_run,float64,86,0,0.0,9,8.067558139534883,1.7149851215588614,4.0,8.0,8.0,8.0,17.0,
fence_height_ft,control,float64,544,0,0.0,13,8.584724264705883,3.1892659975906743,4.0,8.0,8.0,8.0,37.0,
h_at_fence_ft,all,Float64,630,0,0.0,630,-6.501503987319485,8.785756122670385,-40.13349261888592,-11.740930791357487,-5.987874791220972,-0.38558578827384254,22.390625928571094,
h_at_fence_ft,home_run,Float64,86,0,0.0,86,4.473259595718935,4.167002575578718,-7.69474545985879,2.296598605834052,4.588932045332089,6.69784108598368,14.01869736609455,
h_at_fence_ft,control,Float64,544,0,0.0,544,-8.236484994932177,8.037714483740608,-40.13349261888592,-12.859854147977689,-7.305976078820468,-2.745821484091654,22.390625928571094,
running_var,all,Float64,630,0,0.0,630,-15.015630971446468,8.797905918498865,-48.13349261888592,-20.128467155955477,-14.4203249297851,-9.067697070713216,6.01869736609455,
running_var,home_run,Float64,86,0,0.0,86,-3.594298543815949,4.045848188574195,-15.02474545985879,-5.691166569344107,-3.520888696642824,-1.0662509811714467,6.01869736609455,
running_var,control,Float64,544,0,0.0,544,-16.82120925963806,7.948185772081988,-48.13349261888592,-21.26544325525465,-15.561244496309982,-11.21664840993557,0.7149373292526597,
home_run,all,int64,630,0,0.0,2,0.1365079365079365,0.3435999389710628,0.0,0.0,0.0,0.0,1.0,
home_run,home_run,int64,86,0,0.0,1,1.0,0.0,1.0,1.0,1.0,1.0,1.0,
home_run,control,int64,544,0,0.0,1,0.0,0.0,0.0,0.0,0.0,0.0,0.0,
predicted_hr,all,float64,630,0,0.0,2,0.03015873015873016,0.17115981490074914,0.0,0.0,0.0,0.0,1.0,
predicted_hr,home_run,float64,86,0,0.0,2,0.20930232558139536,0.4091966036822841,0.0,0.0,0.0,0.0,1.0,
predicted_hr,control,float64,544,0,0.0,2,0.001838235294117647,0.04287464628562721,0.0,0.0,0.0,0.0,1.0,
running_var_ft,all,float64,630,0,0.0,630,0.007856653338865337,0.5741834369305808,-0.9996491026888528,-0.5077122741879712,-0.001421368209625129,0.48154121005984507,0.9962489462748518,
running_var_ft,home_run,float64,86,0,0.0,86,-0.02868179487448858,0.5673343688656057,-0.960137323251887,-0.5281182187873354,-0.013251704432525102,0.43515981218615707,0.9858119779136931,
running_var_ft,control,float64,544,0,0.0,544,0.013632952137299965,0.5755630013062474,-0.9996491026888528,-0.5075054689019507,-0.001421368209625129,0.48693626884234664,0.9962489462748518,
z_at_fence_ft,all,float64,630,0,0.0,630,8.52198363746585,3.095693073077057,3.267653173793681,7.426010202602872,8.030501705376935,8.706800078189852,37.613198172322676,
z_at_fence_ft,home_run,float64,86,0,0.0,86,8.038876344660395,1.7652129814102762,3.267653173793681,7.350775002486983,8.052096971518685,8.482721503933933,16.32791268346274,
z_at_fence_ft,control,float64,544,0,0.0,544,8.598357216843183,3.2512365125489513,3.286820249416616,7.44495122651426,8.030501705376935,8.7511317488541,37.613198172322676,
model_landing_distance_ft,all,float64,630,0,0.0,630,401.34706890765403,17.679826859123438,343.75049441831766,390.56105026620696,403.1367650657196,414.22933032437714,442.43476375634515,
model_landing_distance_ft,home_run,float64,86,0,0.0,86,411.0890910308228,12.898598354239525,382.9758911751772,401.0635754604863,412.28591602609777,418.428915681343,442.43476375634515,
model_landing_distance_ft,control,float64,544,0,0.0,544,399.806969822006,17.850225267425188,343.75049441831766,387.73134604447637,402.50974883796476,412.96615066795414,441.50316396064784,
trajectory_status,all,int8,630,0,0.0,1,,,,,,,,1: 630
trajectory_status,home_run,int8,86,0,0.0,1,,,,,,,,1: 86
trajectory_status,control,int8,544,0,0.0,1,,,,,,,,1: 544
running_var_nathan,all,float64,630,0,0.0,630,0.007856653338865337,0.5741834369305808,-0.9996491026888528,-0.5077122741879712,-0.001421368209625129,0.48154121005984507,0.9962489462748518,
running_var_nathan,home_run,float64,86,0,0.0,86,-0.02868179487448858,0.5673343688656057,-0.960137323251887,-0.5281182187873354,-0.013251704432525102,0.43515981218615707,0.9858119779136931,
running_var_nathan,control,float64,544,0,0.0,544,0.013632952137299965,0.5755630013062474,-0.9996491026888528,-0.5075054689019507,-0.001421368209625129,0.48693626884234664,0.9962489462748518,
