sample,window_ft,covariate,treated_n,control_n,treated_mean,control_mean,difference,difference_se,standardized_mean_difference,standardized_mean_difference_se,smd_ci_lower,smd_ci_upper,welch_t,welch_p
Full sample,1.0,lineup_sequence_proxy,187,2539,1.3262032085561497,1.2938164631744782,0.03238674538167152,0.041386193073008,0.0580370989273831,0.07416412341838022,-0.08732458297264212,0.2033987808274083,0.7825495165631482,0.43474354687572103
Full sample,1.0,at_bat_number,187,2539,38.64705882352941,38.930287514769596,-0.2832286912401827,1.7356948221585924,-0.012459271199195363,0.07635346692321608,-0.1621120663686989,0.13719352397030815,-0.16317885357746592,0.8705321149819
Full sample,1.0,pitch_number,187,2539,3.4759358288770055,3.3989759747932258,0.0769598540837797,0.1396814057009955,0.04105279904266375,0.07451044114503248,-0.1049876656015999,0.1870932636869274,0.550967064639379,0.58222395968814
Full sample,1.0,inning,187,2539,5.010695187165775,4.994486018117369,0.016209169048406302,0.2033046831730668,0.006112851658983464,0.07667088708262804,-0.14416208702296748,0.1563877903409344,0.07972845876161128,0.9365281683328602
Full sample,1.0,launch_speed,187,2539,100.98930481283422,95.67073651043718,5.31856830239704,0.26664269598730134,1.167799972790091,0.058546833548853344,1.0530481790343384,1.2825517665458435,19.94642411900281,6.565320103657509e-55
Full sample,1.0,launch_angle,187,2539,27.144385026737968,32.59866089011422,-5.45427586337625,0.3159239055217802,-0.9541711256646066,0.055267734179011284,-1.0624958846554686,-0.8458463666737445,-17.264524045332887,2.3076383138199596e-46
Full sample,1.0,release_spin_rate,180,2507,2144.1444444444446,2219.384523334663,-75.24007889021823,26.129523488433684,-0.22734692810481083,0.07895349108558954,-0.3820957706325663,-0.07259808557705535,-2.87950443962453,0.0044105943784715634
Full sample,1.0,outs_when_up,187,2539,0.9358288770053476,0.9543127215439149,-0.01848384453856733,0.06167446796067496,-0.022711290312068,0.07578005451055332,-0.17124019715275252,0.1258176165286165,-0.29970010524214086,0.7646963914662808
Full sample,1.0,runners_on,187,2539,0.41711229946524064,0.4277274517526585,-0.010615152287417884,0.037464559992557746,-0.021460963948381404,0.07574319704252042,-0.16991763015172143,0.12699570225495863,-0.2833385014938534,0.7771907962855191
Full sample,1.0,home_score,187,2539,2.3850267379679146,2.2406459235919653,0.1443808143759493,0.20162556198246626,0.05442695884638786,0.07600640162497603,-0.09454558833856515,0.20339950603134088,0.716083878236158,0.47472056604444246
Full sample,1.0,away_score,187,2539,2.3475935828877006,2.385978731784167,-0.0383851488964666,0.19072796365518416,-0.014855788834339701,0.07381538001864707,-0.15953393367088795,0.12982235600220857,-0.20125600966339086,0.8406860470664896
Full sample,1.0,bat_score,187,2539,2.4598930481283423,2.356833398975975,0.10305964915236743,0.19858035954669687,0.039031631859836345,0.07520805234802762,-0.10837615074229778,0.1864394144619705,0.5189820855779677,0.6043061615187482
Full sample,1.0,fld_score,187,2539,2.272727272727273,2.2697912564001577,0.002936016327115265,0.1936701577747457,0.001131205652941057,0.07461837839847198,-0.145120816008064,0.14738322731394612,0.01515987987436915,0.9879185934331272
Full sample,1.0,score_diff,187,2539,0.18716577540106952,0.08704214257581724,0.10012363282525227,0.2412584730469824,0.03077675268883136,0.07415983768798448,-0.11457652917961823,0.17613003455728096,0.4150056640943521,0.6785471455064145
Full sample,1.0,bat_win_exp,187,2539,0.5264866310160428,0.5290047262701851,-0.002518095254142372,0.02213499233216175,-0.008548081251093423,0.0751408083694957,-0.155824065655305,0.13872790315311817,-0.11376083697502005,0.9095333108744248
Full sample,1.0,home_win_exp,187,2539,0.5219946524064171,0.5046730996455298,0.017321552760887315,0.02216870758447856,0.058625637701881096,0.07503106892941204,-0.08843525739976651,0.2056865328035287,0.781351492633473,0.4354526437261267
Full sample,1.0,n_thruorder_pitcher,187,2539,1.5026737967914439,1.5549428909019298,-0.05226909411048597,0.057409182209420026,-0.06894239098971548,0.07572211368185228,-0.21735773380614593,0.07947295182671497,-0.9104657495349125,0.3635993317339814
Full sample,1.0,release_speed,187,2539,89.27219251336899,89.13351713272942,0.13867538063956886,0.40594693418507494,0.024907397174406043,0.07291187141400275,-0.11799987079703936,0.16781466514585144,0.34160962668176104,0.7329709911258253
Full sample,1.0,effective_speed,186,2536,89.11720430107525,88.97898264984228,0.1382216512329677,0.4112706220669484,0.02427832036803499,0.07223875443126575,-0.11730963831724589,0.16586627905331586,0.3360844266928149,0.7371270546617512
Full sample,1.0,plate_x,187,2539,-0.09148938500787536,-0.00874043940818891,-0.08274894559968644,0.0338156027415861,-0.1852890830933234,0.07571893491607587,-0.33369819552883206,-0.036879970657814704,-2.447064044134946,0.015207170097908613
Full sample,1.0,plate_z,187,2539,2.468964458837929,2.4549850435870386,0.013979415250890526,0.040649556488553965,0.02635533038320973,0.07663643092070964,-0.12385207422138117,0.17656273498780062,0.3439008062689891,0.7312604352324554
Full sample,1.0,pfx_x,187,2539,-0.20823529411764705,-0.13554942890901928,-0.07268586520862777,0.06997934572707475,-0.08115149890403574,0.0781297544134036,-0.23428581755430677,0.07198281974623531,-1.0386759757958965,0.3001479203525213
Full sample,1.0,pfx_z,187,2539,0.7959358288770053,0.7798621504529342,0.016073678424071147,0.04641130484065312,0.024680136586767817,0.07126168089328494,-0.11499275796407066,0.1643530311376063,0.34633110358043,0.7294197945230968
Full sample,1.0,zone,187,2539,5.737967914438503,5.92083497439937,-0.18286705996086727,0.22277937947761825,-0.060374111677280594,0.0735512844076744,-0.20453462911632242,0.08378640576176122,-0.8208437441098052,0.4126297757545937
Full sample,2.0,lineup_sequence_proxy,367,5119,1.3133514986376023,1.2998632545419027,0.013488244095699597,0.02881792713173346,0.02445257342633037,0.05224345542560417,-0.0779445992078538,0.12684974606051455,0.4680504615769792,0.6399859932354868
Full sample,2.0,at_bat_number,367,5119,39.166212534059945,38.69115061535456,0.4750619187053857,1.2284997328940708,0.021059505335621804,0.054459420258724564,-0.08568095837147835,0.12779996904272195,0.38670087260519465,0.6991743453961484
Full sample,2.0,pitch_number,367,5119,3.457765667574932,3.3488962688025006,0.1088693987724314,0.10310425943956465,0.057439473456279824,0.054397787074102345,-0.049180189208960765,0.1640591361215204,1.0559156271933268,0.291615915560697
Full sample,2.0,inning,367,5119,5.0572207084468666,4.952920492283649,0.10430021616321739,0.1431256654139678,0.03979774469130297,0.05461233831005929,-0.06724243839641324,0.14683792777901916,0.7287317467593665,0.466574314781966
Full sample,2.0,launch_speed,367,5119,100.94877384196184,95.67415510841961,5.274618733542226,0.18288109316407558,1.1673976633187753,0.04047590387287581,1.0880648917279387,1.2467304349096118,28.841793551671262,1.4935810154975566e-111
Full sample,2.0,launch_angle,367,5119,27.19891008174387,32.504004688415705,-5.305094606671837,0.21650992379246606,-0.9374781903739803,0.03826007764304608,-1.0124679425543506,-0.86248843819361,-24.50277804243742,1.0043941824941374e-91
Full sample,2.0,release_spin_rate,357,5054,2162.7843137254904,2223.3660466956867,-60.5817329701963,18.50696463533712,-0.18290028139202433,0.055873757212931606,-0.2924128455293703,-0.07338771725467838,-3.2734559212655427,0.0011540575492553695
Full sample,2.0,outs_when_up,367,5119,0.9209809264305178,0.9697206485641727,-0.04873972213365496,0.04454259932665776,-0.05915802470985934,0.05406375080231059,-0.1651229762823881,0.04680692686266941,-1.0942271638935388,0.27448237310535556
Full sample,2.0,runners_on,367,5119,0.4332425068119891,0.4250830240281305,0.00815948278385864,0.026807355029670972,0.016473729855750793,0.05412317626058646,-0.08960769561499866,0.12255515532650026,0.3043747797881419,0.7609932019791517
Full sample,2.0,home_score,367,5119,2.354223433242507,2.2299277202578627,0.12429571298464426,0.1417738438634222,0.047420067073870295,0.054088150137201106,-0.05859270719504388,0.15343284134278445,0.8767182267018485,0.3811409139381048
Full sample,2.0,away_score,367,5119,2.3978201634877383,2.3639382691932016,0.033881894294536696,0.1416434464272881,0.01284902051110207,0.05371540128737358,-0.09243316601215015,0.11813120703435429,0.23920552026337333,0.8110624162066257
Full sample,2.0,bat_score,367,5119,2.4032697547683926,2.330728657941004,0.07254109682738852,0.14604348133182013,0.027073739569268514,0.054506250281484314,-0.07975851098244074,0.13390599012097776,0.49670889906116733,0.6196554605258034
Full sample,2.0,fld_score,367,5119,2.3487738419618527,2.2631373315100607,0.08563651045179199,0.13723643055726806,0.03321387068003938,0.05322674911754211,-0.07111055759034315,0.1375382989504219,0.6240071248141091,0.5329583245850172
Full sample,2.0,score_diff,367,5119,0.05449591280653951,0.06759132643094354,-0.013095413624404029,0.1766358255558328,-0.003981305341861497,0.05370133208614531,-0.1092359162307063,0.1012733055469833,-0.07413792520965518,0.940935780896425
Full sample,2.0,bat_win_exp,367,5119,0.512899182561308,0.524540535260793,-0.011641352699485075,0.016356234970107228,-0.03886630731090361,0.0546076105765316,-0.14589722404090555,0.06816460941909833,-0.7117379226185546,0.4770245363909219
Full sample,2.0,home_win_exp,367,5119,0.5122942779291553,0.5064123852314905,0.0058818926976648145,0.016360858693187725,0.019606060814536894,0.05453550532195762,-0.08728352961650004,0.12649565124557383,0.3595100237687338,0.7193951845522097
Full sample,2.0,n_thruorder_pitcher,367,5119,1.550408719346049,1.560656378198867,-0.010247658852817976,0.042785107359770716,-0.013202851483668112,0.05512336293557547,-0.12124464283739603,0.09483893987005981,-0.23951462284873168,0.8108247454572146
Full sample,2.0,release_speed,367,5119,88.87493188010899,89.13576870482517,-0.2608368247161792,0.31085822923169026,-0.04489603593688353,0.05350587381995631,-0.14976754862399788,0.059975476750230836,-0.83908611768412,0.4018951474736532
Full sample,2.0,effective_speed,366,5116,88.67540983606557,88.98000390930413,-0.3045940732385617,0.3200797898106658,-0.05085348934692404,0.05343890643779502,-0.15559374596500228,0.05388676727115419,-0.9516191991338652,0.34183459937199656
Full sample,2.0,plate_x,367,5119,-0.04925638328541783,-0.010118421056269587,-0.03913796222914824,0.023690894201747175,-0.08807567899930768,0.05331375151069163,-0.19257063196026325,0.0164192739616479,-1.6520255375696993,0.09927008112768036
Full sample,2.0,plate_z,367,5119,2.4613138135508836,2.4557817874887298,0.005532026062153861,0.028126239704904757,0.010529387457427689,0.05353410707868643,-0.09439746241679771,0.1154562373316531,0.19668559040223094,0.8441681262507235
Full sample,2.0,pfx_x,367,5119,-0.14171662125340598,-0.13627270951357687,-0.00544391173982911,0.04971128391835236,-0.006080014402238842,0.05551987920121098,-0.11489897763661236,0.10273894883213466,-0.10951058413157043,0.9128506541198755
Full sample,2.0,pfx_z,367,5119,0.7739782016348773,0.77719867161555,-0.0032204699806727133,0.03520842968374373,-0.004797534892793667,0.05245000603699123,-0.10759954672529648,0.09800447693970915,-0.09146871955381906,0.927162928725927
Full sample,2.0,zone,367,5119,5.822888283378747,5.956632154717719,-0.1337438713389716,0.16353225873780874,-0.043513110705825954,0.05320466057392026,-0.14779424543070965,0.06076802401905775,-0.8178439677360729,0.41390530013016635
Full sample,5.0,lineup_sequence_proxy,955,12849,1.3015706806282723,1.3003346563934937,0.0012360242347786432,0.01890898484319425,0.0021908816026260966,0.03351661387505814,-0.06350168159248785,0.06788344479774004,0.0653670329226328,0.9478936370691017
Full sample,5.0,at_bat_number,955,12849,37.78848167539267,38.80768931434353,-1.01920763895086,0.7613105466297503,-0.045074013443883766,0.03366862698270489,-0.11106452232998534,0.020916495442217818,-1.3387541305749615,0.18092784554329264
Full sample,5.0,pitch_number,955,12849,3.5036649214659685,3.376293875009728,0.1273710464562403,0.06297416148296314,0.0679407261911313,0.033590917099829386,0.0021025286754657035,0.1337789237067969,2.0225921783920686,0.04335689268804998
Full sample,5.0,inning,955,12849,4.849214659685864,4.971048330609386,-0.12183367092352171,0.08727004884126069,-0.04685934458708474,0.033565575589948264,-0.11264787274338334,0.01892918356921386,-1.396053658055472,0.16297998863489174
Full sample,5.0,launch_speed,955,12849,101.31329842931937,95.61663164448596,5.696666784833411,0.11334195376766672,1.2591327892754898,0.025051942790364413,1.2100309814063754,1.308234597144604,50.26088394868053,4.20667e-319
Full sample,5.0,launch_angle,955,12849,27.035602094240836,32.56393493657094,-5.5283328423301015,0.13798633864989132,-0.9720712412987026,0.024262748882740628,-1.0196262291088742,-0.924516253488531,-40.064349097318825,2.050138989837041e-239
Full sample,5.0,release_spin_rate,935,12653,2192.672727272727,2226.6519402513236,-33.97921297859648,11.000262779635683,-0.10536522099026183,0.03411041684389066,-0.17222163800428753,-0.03850880397623613,-3.0889455696913664,0.0020603718926839997
Full sample,5.0,outs_when_up,955,12849,0.9172774869109948,0.9649778192855475,-0.047700332374552734,0.02779899877304632,-0.05785855385674335,0.033719049482596485,-0.12394789084263245,0.008230783129145755,-1.7159010928408898,0.0864625111450615
Full sample,5.0,runners_on,955,12849,0.45340314136125653,0.4260253716242509,0.02737776973700562,0.016697631728373897,0.055163307913474874,0.03364396038487683,-0.010778854440883723,0.12110547026783347,1.6396199282849921,0.10137054226160201
Full sample,5.0,home_score,955,12849,2.281675392670157,2.2332477235582537,0.04842766911190344,0.08776111721934025,0.018504537467390298,0.033534112038568924,-0.04722232212820479,0.08423139706298538,0.5518123588931619,0.5811889239455414
Full sample,5.0,away_score,955,12849,2.4293193717277486,2.372791656938283,0.05652771478946539,0.09027607707087747,0.021103229636961943,0.03370234923251918,-0.04495337485877564,0.08715983413269952,0.6261649445077726,0.5313369884958328
Full sample,5.0,bat_score,955,12849,2.3947643979057593,2.3074169196046386,0.08734747830112077,0.09003986824968152,0.03294209463866814,0.033957498474185034,-0.033614602370734534,0.09949879164807081,0.9700978022191823,0.3322125412300616
Full sample,5.0,fld_score,955,12849,2.3162303664921464,2.2986224608918984,0.017607905600248053,0.0880542624327218,0.006654130761410763,0.0332762220350986,-0.058567264427382484,0.07187552595020401,0.1999665332919169,0.8415435068300566
Full sample,5.0,score_diff,955,12849,0.07853403141361257,0.008794458712740292,0.06973957270087228,0.11061349397218917,0.021178578821067565,0.03359120955345902,-0.04466019190371211,0.08701734954584724,0.6304797922612085,0.5285117276248054
Full sample,5.0,bat_win_exp,955,12849,0.5227350785340314,0.5185573974628376,0.004177681071193873,0.009927656029490715,0.014124654063984167,0.033565201530022584,-0.0516631409348601,0.07991244906282843,0.4208124313316067,0.6739742454351709
Full sample,5.0,home_win_exp,955,12849,0.5037047120418848,0.505488364853296,-0.0017836528114111294,0.009955412292454748,-0.006016446272341377,0.03358064012983236,-0.0718345009268128,0.05980160838213004,-0.1791641329373137,0.8578418265125818
Full sample,5.0,n_thruorder_pitcher,955,12849,1.5905759162303665,1.5543622071756558,0.036213709054710774,0.026533652707268963,0.04672820462506819,0.03423758531009883,-0.02037746258272552,0.1138338718328619,1.3648218529968903,0.1725915898761848
Full sample,5.0,release_speed,955,12849,89.06115183246072,89.13920927698653,-0.07805744452581109,0.1952906607219891,-0.013337857018827724,0.033369769221191656,-0.07874260469236337,0.05206689065470792,-0.39969880913522904,0.6894556677547933
Full sample,5.0,effective_speed,952,12840,88.83266806722689,88.99605919003115,-0.16339112280425638,0.20333436575465116,-0.026916619302041155,0.03349676298262983,-0.09257027474799563,0.038737036143913314,-0.8035588189819747,0.42182561528449736
Full sample,5.0,plate_x,955,12849,-0.03992126416346438,-0.02198617836597499,-0.01793508579748939,0.014184065972429345,-0.04106730147047095,0.032478312060728744,-0.10472479310949928,0.022590190168557393,-1.2644530723666394,0.20632949786465052
Full sample,5.0,plate_z,955,12849,2.462192636543812,2.45415401341778,0.008038623126031652,0.017046648358831823,0.01551491096092715,0.032900812405677805,-0.04897068135420135,0.08000050327605565,0.4715661962878974,0.6373287554455274
Full sample,5.0,pfx_x,955,12849,-0.1389633507853403,-0.1482706825433886,0.009307331758048293,0.029319028622590126,0.010729315131913095,0.033798418884266136,-0.055515585881248525,0.07697421614507471,0.3174502087997913,0.7509625186055449
Full sample,5.0,pfx_z,955,12849,0.8081151832460733,0.7672978441902094,0.04081733905586393,0.02259805538761282,0.05966178847879362,0.03303107041648583,-0.005079109537518597,0.12440268649510584,1.8062323662698012,0.07115242116666205
Full sample,5.0,zone,955,12849,5.624083769633508,5.96824655615223,-0.344162786518722,0.0968306998304362,-0.11408482750384967,0.03209793190883356,-0.17699677404516345,-0.05117288096253589,-3.554273459981165,0.00039462889266200053
LA <= HR median (29 deg),1.0,lineup_sequence_proxy,136,997,1.3602941176470589,1.2808425275827482,0.07945159006431068,0.05146108304799399,0.14414938552456705,0.09336607982033601,-0.038848130923291535,0.32714690197242563,1.5439160110604746,0.12447335415043002
LA <= HR median (29 deg),1.0,at_bat_number,136,997,37.38235294117647,39.39217652958877,-2.0098235884122957,2.0703067237503743,-0.08895634927209776,0.09163337970562752,-0.2685577734951277,0.09064507495093217,-0.970785422930708,0.3330074673517859
LA <= HR median (29 deg),1.0,pitch_number,136,997,3.5220588235294117,3.4764292878635907,0.04562953566582095,0.15894516212924278,0.0250797135970057,0.08736225529502822,-0.14615030678124963,0.19630973397526102,0.2870772224493269,0.7743752737927063
LA <= HR median (29 deg),1.0,inning,136,997,4.8161764705882355,5.068204613841525,-0.25202814325328937,0.24110185194114345,-0.09608043882068489,0.09191501963216767,-0.27623387729973353,0.08407299965836375,-1.0453181558921132,0.29733656890389454
LA <= HR median (29 deg),1.0,launch_speed,136,997,101.42132352941178,97.79348044132396,3.6278430880878147,0.31037196228726316,0.9082120362382874,0.07770003966978767,0.7559199584855035,1.0605041139910711,11.688694627416389,6.144317301871497e-25
LA <= HR median (29 deg),1.0,launch_angle,136,997,25.33823529411765,25.91875626880642,-0.5805209746887705,0.24055350330897976,-0.22664631591413098,0.093916615733734,-0.4107228827522496,-0.04256974907601235,-2.413271753282755,0.016883048276257438
LA <= HR median (29 deg),1.0,release_spin_rate,132,987,2131.7651515151515,2199.5379939209724,-67.77284240582094,31.560111917775327,-0.20409063687010903,0.09503988784211688,-0.3903688170406581,-0.017812456699559942,-2.1474208514339845,0.033236812454857996
LA <= HR median (29 deg),1.0,outs_when_up,136,997,0.9411764705882353,0.9648946840521565,-0.023718213463921223,0.07421939549635576,-0.02949295139210207,0.0922897935400962,-0.2103809467306906,0.15139504394648648,-0.31956893889126076,0.7496832078502367
LA <= HR median (29 deg),1.0,runners_on,136,997,0.4485294117647059,0.4453360080240722,0.0031934037406337046,0.04560955878617886,0.006409648204012657,0.09154533854890153,-0.17301921535183432,0.18583851175985963,0.07001610683419737,0.9442614332229969
LA <= HR median (29 deg),1.0,home_score,136,997,2.4558823529411766,2.21765295887663,0.2382293940645468,0.2544190461226103,0.08830352999945891,0.09430448312198866,-0.09653325691963886,0.27314031691855667,0.9363661946509251,0.3504321808253922
LA <= HR median (29 deg),1.0,away_score,136,997,2.235294117647059,2.40320962888666,-0.16791551123960113,0.22598581596043626,-0.06609357079110989,0.08895074323214326,-0.24043702752611068,0.1082498859438909,-0.7430356216205994,0.4584283033286678
LA <= HR median (29 deg),1.0,bat_score,136,997,2.4191176470588234,2.350050150451354,0.06906749660746936,0.23732906085248406,0.027034369205776308,0.09289523682623728,-0.15504029497364874,0.20910903338520137,0.2910199718457549,0.7713896758126673
LA <= HR median (29 deg),1.0,fld_score,136,997,2.2720588235294117,2.270812437311936,0.0012463862174758589,0.24410614808094952,0.0004638659290827244,0.09084866599671616,-0.17759951942448093,0.1785272512826464,0.005105918991694291,0.9959318913818938
LA <= HR median (29 deg),1.0,score_diff,136,997,0.14705882352941177,0.07923771313941826,0.06782111038999351,0.2937376147200583,0.0209888817515933,0.09090420410256224,-0.15718335828942867,0.19916112179261528,0.23089011073583232,0.8176697143009474
LA <= HR median (29 deg),1.0,bat_win_exp,136,997,0.5274779411764705,0.5331414242728185,-0.00566348309634801,0.026325491243949367,-0.0194083101874047,0.09021538357337756,-0.19623046199122474,0.1574138416164153,-0.21513304514876624,0.8299115415072436
LA <= HR median (29 deg),1.0,home_win_exp,136,997,0.5369485294117647,0.49852557673019054,0.038422952681574196,0.026260472069536245,0.1314862592034281,0.08986532778870136,-0.04464978326242658,0.3076223016692828,1.4631478284104105,0.1451935265076445
LA <= HR median (29 deg),1.0,n_thruorder_pitcher,136,997,1.4926470588235294,1.5546639919759278,-0.06201693315239831,0.06871224978125433,-0.08201756656597131,0.09087214142761484,-0.2601269637640964,0.09609183063215376,-0.9025600726192118,0.3679986908930455
LA <= HR median (29 deg),1.0,release_speed,136,997,89.32720588235294,89.18936810431295,0.13783777803999442,0.48909530841447624,0.02487928939318335,0.08828017900405578,-0.148149861454766,0.1979084402411327,0.28182191828179615,0.7784003961028687
LA <= HR median (29 deg),1.0,effective_speed,135,996,89.09333333333333,89.04528112449799,0.04805220883534389,0.4965441225399225,0.008501022921279813,0.08784472284308144,-0.16367463385115982,0.18067667969371942,0.09677329094048528,0.9230127563743942
LA <= HR median (29 deg),1.0,plate_x,136,997,-0.06874381645670029,-0.016015289119393233,-0.052728527337307055,0.04025436747482887,-0.11890872790878158,0.09077810192923537,-0.2968338076900829,0.05901635187251973,-1.3098833901756946,0.19194808876060812
LA <= HR median (29 deg),1.0,plate_z,136,997,2.4364031124484966,2.4118137511492104,0.02458936129928624,0.05127005334712128,0.04543493532664401,0.09473412219485593,-0.14024394417527358,0.23111381482856164,0.4796047535352699,0.6321370702848877
LA <= HR median (29 deg),1.0,pfx_x,136,997,-0.20867647058823532,-0.13537612838515548,-0.07330034220307985,0.0849853051964585,-0.08102862490362771,0.09394556983111628,-0.2651619417726156,0.10310469196536019,-0.8625060771816163,0.3896363765674382
LA <= HR median (29 deg),1.0,pfx_z,136,997,0.7777941176470589,0.7524172517552659,0.025376865891793,0.05705313507131567,0.038809354771704926,0.08725251452492297,-0.13220557369714409,0.20982428324055397,0.44479353956749706,0.6569892889814176
LA <= HR median (29 deg),1.0,zone,136,997,5.845588235294118,5.992978936810431,-0.14739070151631317,0.26825480126864515,-0.04898381484269474,0.08915178081673518,-0.22372130524349568,0.1257536755581062,-0.5494429207576718,0.5833842438173873
LA <= HR median (29 deg),2.0,lineup_sequence_proxy,276,2009,1.315217391304348,1.2887008461921354,0.026516545112212464,0.03426986388928362,0.048897746337274554,0.06319522789940481,-0.07496490034555886,0.17276039302010798,0.7737569427728114,0.4395795594458687
LA <= HR median (29 deg),2.0,at_bat_number,276,2009,38.88405797101449,38.99004479840717,-0.10598682739267673,1.458228414537662,-0.004708425390064389,0.06478125499581544,-0.13167968518186265,0.12226283440173388,-0.07268191069111783,0.9421006567743214
LA <= HR median (29 deg),2.0,pitch_number,276,2009,3.4927536231884058,3.3962170233947235,0.09653659979368223,0.11882597224805362,0.05187310678162623,0.0638501082493816,-0.0732731053871617,0.17701931895041417,0.8124200287809007,0.41709170522119277
LA <= HR median (29 deg),2.0,inning,276,2009,5.003623188405797,4.99701343952215,0.006609748883646738,0.17039254035486343,0.0025263089635301993,0.06512565145737828,-0.12511996789293123,0.13017258581999164,0.038791304301709,0.9690789811416162
LA <= HR median (29 deg),2.0,launch_speed,276,2009,101.35289855072465,97.82648083623693,3.526417714487721,0.2112515716373781,0.889099713052228,0.05326190115055897,0.7847063867971324,0.9934930393073236,16.69297741623887,1.2348126447512178e-49
LA <= HR median (29 deg),2.0,launch_angle,276,2009,25.615942028985508,25.788451966152316,-0.17250993716680796,0.16392859420665892,-0.068277474529327,0.06488107641446102,-0.1954443843016706,0.0588894352430166,-1.0523480543567085,0.2933654244195867
LA <= HR median (29 deg),2.0,release_spin_rate,269,1983,2148.728624535316,2201.938981341402,-53.210356806085656,21.83495914845707,-0.15935382502446235,0.06539110933309066,-0.28752039931732004,-0.031187250731604665,-2.4369341130572106,0.015321597235028104
LA <= HR median (29 deg),2.0,outs_when_up,276,2009,0.9202898550724637,0.978098556495769,-0.0578087014233053,0.052949909341507735,-0.07077126080523048,0.06482297217128691,-0.19782428626095283,0.05628176465049185,-1.0917620472295828,0.2756873768234178
LA <= HR median (29 deg),2.0,runners_on,276,2009,0.4528985507246377,0.4345445495271279,0.018354001197509795,0.031990495243319185,0.036910815010572806,0.06433448703179609,-0.08918477957174753,0.16300640959289314,0.5737329496748819,0.5665129786007584
LA <= HR median (29 deg),2.0,home_score,276,2009,2.471014492753623,2.2015928322548532,0.2694216604987698,0.17529726273509688,0.10086035729359795,0.06562406496686377,-0.02776281004145502,0.2294835246286509,1.5369416287230362,0.12522292217194708
LA <= HR median (29 deg),2.0,away_score,276,2009,2.286231884057971,2.3867595818815333,-0.10052769782356208,0.16418572754884478,-0.038362319045392806,0.06265482448412783,-0.16116577503428337,0.08444113694349774,-0.6122803688503032,0.540732381778164
LA <= HR median (29 deg),2.0,bat_score,276,2009,2.380434782608696,2.2812344449975113,0.09920033761118452,0.17141012058124733,0.03777242016664042,0.06526767197896496,-0.0901522169121309,0.16569705724541176,0.5787309248415363,0.5631454138471672
LA <= HR median (29 deg),2.0,fld_score,276,2009,2.3768115942028984,2.3071179691388752,0.06969362506402321,0.16844904858785859,0.026114900804235237,0.06311954917538888,-0.09759941557952698,0.14982921718799744,0.4137371249542728,0.6793112693992505
LA <= HR median (29 deg),2.0,score_diff,276,2009,0.0036231884057971015,-0.025883524141363863,0.029506712547160963,0.2114099582651007,0.008933679250443437,0.06400810508698179,-0.11652220672004088,0.13438956522092776,0.13957106273187272,0.8890778029487957
LA <= HR median (29 deg),2.0,bat_win_exp,276,2009,0.5116340579710146,0.5171129915380787,-0.0054789335670640815,0.019469688161254387,-0.018239717257582895,0.06481582643917383,-0.14527873707836358,0.10879930256319781,-0.2814083883463229,0.7785631753716987
LA <= HR median (29 deg),2.0,home_win_exp,276,2009,0.5304673913043478,0.49992434046789447,0.030543050836453367,0.01939925995329019,0.10182169855676325,0.06467152249344744,-0.02493448553039375,0.22857788264392026,1.5744441236415903,0.11628414865262607
LA <= HR median (29 deg),2.0,n_thruorder_pitcher,276,2009,1.536231884057971,1.575908412145346,-0.039676528087374985,0.0506530295724062,-0.050951780954708356,0.0650475783007544,-0.17844503442418697,0.07654147251477027,-0.7833001978817317,0.43398186574095576
LA <= HR median (29 deg),2.0,release_speed,276,2009,88.96557971014492,89.26007964161275,-0.2944999314678256,0.34803394544208666,-0.05293001196811542,0.0625515965512971,-0.17553114120865776,0.0696711172724269,-0.8461816306272654,0.39800298491436836
LA <= HR median (29 deg),2.0,effective_speed,275,2008,88.70181818181818,89.11494023904382,-0.41312205722563533,0.35529666924101294,-0.07242838266774793,0.06229046033799502,-0.19451768493021815,0.04966091959472231,-1.1627524066244397,0.2456832426988347
LA <= HR median (29 deg),2.0,plate_x,276,2009,-0.029026033100801426,-0.022302286130261452,-0.006723746970539974,0.028234145278019436,-0.015191784253408,0.06379285917842964,-0.1402257882431301,0.10984221973631408,-0.23814239476108662,0.8119070336088412
LA <= HR median (29 deg),2.0,plate_z,276,2009,2.43537134230541,2.4174010297826003,0.017970312522809895,0.03405756486655563,0.03414875920758576,0.06471916280523801,-0.09270079989068075,0.16099831830585226,0.5276452557081278,0.5980786785047454
LA <= HR median (29 deg),2.0,pfx_x,276,2009,-0.11239130434782607,-0.14982080637132902,0.03742950202350295,0.059793120408225924,0.04136534324305733,0.06608057322554366,-0.08815258027900824,0.1708832667651229,0.6259834202991965,0.5317425189045408
LA <= HR median (29 deg),2.0,pfx_z,276,2009,0.7669202898550725,0.7576804380288701,0.009239851826202461,0.04152132661666647,0.01391605321070274,0.06253487625612468,-0.10865230425130162,0.1364844106727071,0.22253267366687715,0.8240230265484954
LA <= HR median (29 deg),2.0,zone,276,2009,5.913043478260869,6.029865604778497,-0.11682212651762747,0.19289382662247762,-0.038276422799383404,0.06320108941073621,-0.16215055804442638,0.08559771244565956,-0.6056291617163365,0.5451406069315463
LA <= HR median (29 deg),5.0,lineup_sequence_proxy,728,4978,1.3118131868131868,1.305745279228606,0.006067907584580867,0.02236598195385769,0.010714145085107882,0.039491764217613454,-0.06668971278141449,0.08811800295163026,0.27130074579776153,0.786218160738824
LA <= HR median (29 deg),5.0,at_bat_number,728,4978,37.87637362637363,38.66713539574126,-0.7907617693676343,0.8999490461283247,-0.035082210447877446,0.03992631289432276,-0.11333778372075005,0.04317336282499516,-0.8786739346739402,0.3798015869868343
LA <= HR median (29 deg),5.0,pitch_number,728,4978,3.5645604395604398,3.413419043792688,0.15114139576775187,0.07436012132119861,0.08018861896417821,0.039452033669970334,0.0028626329710363663,0.15751460495732006,2.0325598329095844,0.04237192656446116
LA <= HR median (29 deg),5.0,inning,728,4978,4.858516483516484,4.962032944957814,-0.10351646144133042,0.10295231099951986,-0.03999856856261653,0.03978058187902825,-0.1179685090455119,0.037971371920278836,-1.005479725868545,0.3149222049592998
LA <= HR median (29 deg),5.0,launch_speed,728,4978,101.7337912087912,97.74885496183207,3.984936246959137,0.13208404632980134,0.9999025183913473,0.03314260564777413,0.93494301132171,1.0648620254609846,30.169701471812342,7.178749916801546e-152
LA <= HR median (29 deg),5.0,launch_angle,728,4978,25.425824175824175,25.81779831257533,-0.39197413675115556,0.09945222671637519,-0.157052897600783,0.03984768104374346,-0.2351543524465202,-0.07895144275504581,-3.94133092533981,8.699188979504055e-05
LA <= HR median (29 deg),5.0,release_spin_rate,712,4905,2182.6853932584268,2212.004892966361,-29.31949970793403,13.25064886666932,-0.08998402330968971,0.040667361597722954,-0.1696920520412267,-0.01027599457815273,-2.2126840732821993,0.027166233369944226
LA <= HR median (29 deg),5.0,outs_when_up,728,4978,0.9038461538461539,0.974286862193652,-0.07044070834749816,0.03280984004971609,-0.0857522057386784,0.03994162211312164,-0.1640377850803968,-0.007466626396959983,-2.146938486769846,0.03205236979620345
LA <= HR median (29 deg),5.0,runners_on,728,4978,0.4532967032967033,0.44455604660506226,0.008740656691641036,0.019760872897690185,0.017566981024418532,0.03971542316170017,-0.06027524837251379,0.09540921042135085,0.44232138615003774,0.658357223632261
LA <= HR median (29 deg),5.0,home_score,728,4978,2.342032967032967,2.170148654077943,0.17188431295502404,0.10442385293422836,0.06610409114492612,0.0401598247879364,-0.01260916543942922,0.14481734772928145,1.646025387162125,0.1000937888552987
LA <= HR median (29 deg),5.0,away_score,728,4978,2.364010989010989,2.373041382081157,-0.009030393070168063,0.10535275208879213,-0.0033779078384288813,0.03940823885688982,-0.08061805599793292,0.07386224032107516,-0.08571577762446278,0.9317102124116503
LA <= HR median (29 deg),5.0,bat_score,728,4978,2.331043956043956,2.2800321414222577,0.05101181462169846,0.10202819912813886,0.019843462658626267,0.039688702990481835,-0.05794639520271812,0.09763332051997066,0.4999776047956301,0.6172063973962498
LA <= HR median (29 deg),5.0,fld_score,728,4978,2.375,2.263157894736842,0.11184210526315796,0.1076889054205454,0.041368338065085296,0.039832145816765266,-0.03670266773577462,0.11943934386594521,1.0385666455276292,0.29927131468111917
LA <= HR median (29 deg),5.0,score_diff,728,4978,-0.04395604395604396,0.01687424668541583,-0.06083029064145979,0.13012834118689143,-0.018604403131984172,0.03979859528547553,-0.09660964989151621,0.05940084362754786,-0.467463813698315,0.6402754581767895
LA <= HR median (29 deg),5.0,bat_win_exp,728,4978,0.5185384615384615,0.5201639212535155,-0.0016254597150540118,0.0116952461486971,-0.005523153798800568,0.03973930734539163,-0.08341219619576817,0.07236588859816703,-0.13898465191646223,0.8894917238538197
LA <= HR median (29 deg),5.0,home_win_exp,728,4978,0.5145027472527473,0.5013053435114504,0.013197403741296854,0.0117065601539728,0.0447739537111072,0.03971606785129422,-0.03306953927742947,0.12261744669964386,1.1273511234483438,0.25987839322409156
LA <= HR median (29 deg),5.0,n_thruorder_pitcher,728,4978,1.6002747252747254,1.5576536761751707,0.042621049099554664,0.03152755769890958,0.05464637787811612,0.04042290999370834,-0.024582525709552216,0.13387528146578445,1.3518665006210984,0.17674691156038058
LA <= HR median (29 deg),5.0,release_speed,728,4978,89.17912087912087,89.24831257533145,-0.06919169621058074,0.22466136311745513,-0.012121352859707167,0.03935731894766074,-0.0892616979971222,0.06501899227770787,-0.30798217926954646,0.7581625085434998
LA <= HR median (29 deg),5.0,effective_speed,725,4974,88.91310344827586,89.1080217129071,-0.19491826463124085,0.23409950536894564,-0.03291175555499812,0.039527469171885064,-0.11038559513189285,0.04456208402189661,-0.8326299721310629,0.4052616637588342
LA <= HR median (29 deg),5.0,plate_x,728,4978,-0.03303549366095121,-0.03157981249623093,-0.0014556811647202794,0.016867731441513316,-0.0033297974381684943,0.0385840871633851,-0.0789546082784033,0.0722950134020663,-0.08629975938185083,0.9312455819290699
LA <= HR median (29 deg),5.0,plate_z,728,4978,2.4282888402971343,2.4089807952324267,0.019308045064707624,0.020379050448609087,0.0371701279512751,0.03923193208642744,-0.03972445893812268,0.11406471484067288,0.9474457661016997,0.343648378237986
LA <= HR median (29 deg),5.0,pfx_x,728,4978,-0.11891483516483516,-0.16162314182402573,0.04270830665919058,0.03501047920387518,0.048622246591895686,0.03985847921191069,-0.02950037266344927,0.12674486584724065,1.219872096308335,0.22281721470925112
LA <= HR median (29 deg),5.0,pfx_z,728,4978,0.7946428571428571,0.7507492969063881,0.043893560236468954,0.026736343023986593,0.06456867371581046,0.03932991991921983,-0.012517969325860412,0.14165531675748133,1.641718921585114,0.10097453698362484
LA <= HR median (29 deg),5.0,zone,728,4978,5.7032967032967035,6.113499397348333,-0.41020269405162946,0.11361761769975746,-0.13694867044035208,0.037931934402711635,-0.2112952618696669,-0.06260207901103727,-3.610379291137919,0.00032069543446770445
LA <= HR Q1 (26 deg),1.0,lineup_sequence_proxy,86,544,1.3953488372093024,1.2977941176470589,0.09755471956224349,0.06658838180146932,0.17481576294536813,0.1193248140136791,-0.0590608725214429,0.4086923984121792,1.4650411516696575,0.14578342621796436
LA <= HR Q1 (26 deg),1.0,at_bat_number,86,544,36.47674418604651,39.72794117647059,-3.251196990424077,2.5333814810254527,-0.14614570313228206,0.11387892488128608,-0.3693483958996028,0.07705698963503865,-1.28334284227422,0.20191246337009902
LA <= HR Q1 (26 deg),1.0,pitch_number,86,544,3.627906976744186,3.448529411764706,0.17937756497947976,0.203827732907658,0.09814393643882964,0.1115215052966539,-0.12043821394261202,0.3167260868202713,0.8800449400118917,0.38058369057632635
LA <= HR Q1 (26 deg),1.0,inning,86,544,4.744186046511628,5.088235294117647,-0.3440492476060184,0.3044945144646911,-0.1308597374722256,0.115815025034472,-0.3578571865397907,0.09613771159533951,-1.1299029416371114,0.26089132936591414
LA <= HR Q1 (26 deg),1.0,launch_speed,86,544,102.23023255813952,99.40477941176471,2.8254531463748123,0.36947463072007114,0.7873501826653988,0.10295903096497092,0.5855504819740558,0.9891498833567418,7.64721827008331,3.038555596742927e-12
LA <= HR Q1 (26 deg),1.0,launch_angle,86,544,23.75581395348837,24.121323529411764,-0.3655095759233937,0.22832548164057512,-0.18948616887010705,0.1183676806885143,-0.42148682301959506,0.04251448527938098,-1.600826912953898,0.11227311891803333
LA <= HR Q1 (26 deg),1.0,release_spin_rate,83,539,2134.5542168674697,2197.812615955473,-63.25839908800344,36.98123992612265,-0.19925487939015282,0.1164855988676972,-0.4275666531708393,0.02905689439053369,-1.7105537622420077,0.08996386865197104
LA <= HR Q1 (26 deg),1.0,outs_when_up,86,544,0.9534883720930233,1.0091911764705883,-0.05570280437756503,0.09491555668618301,-0.06966644513043699,0.11870909365859658,-0.30233626870128627,0.1630033784404123,-0.5868669617745998,0.5584960726114208
LA <= HR Q1 (26 deg),1.0,runners_on,86,544,0.4069767441860465,0.42463235294117646,-0.017655608755129948,0.057352566337430085,-0.03570778685862161,0.11599335049701247,-0.26305475383276605,0.19163918011552283,-0.3078433953810249,0.7587650749851631
LA <= HR Q1 (26 deg),1.0,home_score,86,544,2.302325581395349,2.1911764705882355,0.11114911080711343,0.29022988139280537,0.044051053949562415,0.11502505121427699,-0.18139804643042048,0.2695001543295453,0.3829692183096786,0.7024492924029003
LA <= HR Q1 (26 deg),1.0,away_score,86,544,2.197674418604651,2.511029411764706,-0.313354993160055,0.25836044558480453,-0.13054358512599595,0.10763287503819348,-0.34150402020085513,0.08041684994886325,-1.212859779873692,0.22741367674887888
LA <= HR Q1 (26 deg),1.0,bat_score,86,544,2.3255813953488373,2.4650735294117645,-0.13949213406292715,0.260215922528465,-0.05956979799237153,0.11112461676460196,-0.2773740468509914,0.15823445086624832,-0.5360630229984029,0.5928957626158318
LA <= HR Q1 (26 deg),1.0,fld_score,86,544,2.1744186046511627,2.2371323529411766,-0.06271374829001397,0.2885265135915956,-0.0243109994537591,0.11184737167810473,-0.24353184794284438,0.19490984903532615,-0.2173587013177729,0.8282975175302604
LA <= HR Q1 (26 deg),1.0,score_diff,86,544,0.1511627906976744,0.22794117647058823,-0.07677838577291382,0.33559736356747677,-0.025262662214041116,0.110422780452866,-0.2416913119016585,0.19116598747357627,-0.22878125428859752,0.8194198645895499
LA <= HR Q1 (26 deg),1.0,bat_win_exp,86,544,0.5144883720930232,0.5475128676470588,-0.03302449555403553,0.03194415833283153,-0.11636776335497634,0.11256100040548817,-0.33698732414973315,0.10425179743978047,-1.0338195550481493,0.30331813425333626
LA <= HR Q1 (26 deg),1.0,home_win_exp,86,544,0.5235581395348837,0.49160845588235297,0.03194968365253076,0.031943658117341685,0.11194225263845736,0.11192114094327588,-0.10742318361036335,0.3313076888872781,1.000188630092613,0.31923157021068244
LA <= HR Q1 (26 deg),1.0,n_thruorder_pitcher,86,544,1.5348837209302326,1.5661764705882353,-0.03129274965800266,0.08876860653694282,-0.040536900385702304,0.1149916258523934,-0.2659204870563934,0.1848466862849888,-0.3525204560350912,0.7250927100374187
LA <= HR Q1 (26 deg),1.0,release_speed,86,544,89.19651162790699,89.13970588235294,0.05680574555404405,0.6340616636655447,0.010043424151073208,0.11210398110292621,-0.20968037881066218,0.2297672271128086,0.08959025408608834,0.9287625584496587
LA <= HR Q1 (26 deg),1.0,effective_speed,85,544,89.07764705882354,88.99742647058824,0.08022058823530642,0.6406886537188855,0.013949299064270802,0.11140728127790488,-0.20440897224042273,0.23230757036896435,0.12520994053767767,0.9005668713755219
LA <= HR Q1 (26 deg),1.0,plate_x,86,544,-0.07510901819734075,0.013511177637238678,-0.08862019583457943,0.05372177892727729,-0.19374488191965883,0.11744862011146727,-0.42394417733813466,0.03645441349881701,-1.6496139480887972,0.101833709810152
LA <= HR Q1 (26 deg),1.0,plate_z,86,544,2.4147964653550384,2.385629909465001,0.029166555890037582,0.06369825223405368,0.0552113482236045,0.12057873403320091,-0.18112297048146925,0.2915456669286783,0.45788628207360577,0.6479569378847843
LA <= HR Q1 (26 deg),1.0,pfx_x,86,544,-0.17453488372093026,-0.10226102941176471,-0.07227385430916555,0.10896931501352214,-0.07956054474732255,0.11995566233581864,-0.3146736429255271,0.15555255343088198,-0.6632495973769955,0.5085786125671139
LA <= HR Q1 (26 deg),1.0,pfx_z,86,544,0.7772093023255814,0.7154963235294118,0.06171297879616955,0.07254860088402916,0.09256290517811391,0.10881518596943879,-0.12071485932198611,0.30584066967821394,0.8506432659510466,0.3965841520920903
LA <= HR Q1 (26 deg),1.0,zone,86,544,6.186046511627907,6.007352941176471,0.1786935704514363,0.3621855440387134,0.05753216276423479,0.11660921888709568,-0.17102190625447272,0.2860862317829423,0.49337576662732857,0.6227066706716828
LA <= HR Q1 (26 deg),2.0,lineup_sequence_proxy,161,1132,1.3540372670807452,1.3012367491166077,0.05280051796413754,0.04648616223027269,0.09592255649294248,0.08445128371092972,-0.06960195958047977,0.26144707256636474,1.1358330184923895,0.25733696868666306
LA <= HR Q1 (26 deg),2.0,at_bat_number,161,1132,38.22981366459627,39.08480565371025,-0.8549919891139766,1.8873007836405007,-0.03814986008344918,0.08421162039878592,-0.20320463606506958,0.12690491589817124,-0.4530237027002889,0.6510034037974988
LA <= HR Q1 (26 deg),2.0,pitch_number,161,1132,3.540372670807453,3.386042402826855,0.154330267980598,0.15498912626963174,0.08300729721260151,0.08336166739891963,-0.08038157088928095,0.246396165314484,0.9957490031404685,0.3205126443988957
LA <= HR Q1 (26 deg),2.0,inning,161,1132,4.944099378881988,4.997349823321555,-0.05325044443956717,0.22386264308230383,-0.02026110420054426,0.08517683534542672,-0.18720770147758062,0.14668549307649212,-0.23787106105054548,0.8122184498913427
LA <= HR Q1 (26 deg),2.0,launch_speed,161,1132,102.15652173913044,99.39973498233215,2.7567867567982915,0.27047033017898287,0.7677675446205254,0.07532622564372483,0.6201281423588247,0.9154069468822261,10.192566241827697,1.397636107244004e-20
LA <= HR Q1 (26 deg),2.0,launch_angle,161,1132,23.86335403726708,24.03886925795053,-0.17551522068345093,0.15544403907645596,-0.09459927123426952,0.083781296898831,-0.25881061315597825,0.06961207068743923,-1.129121590806855,0.26013712238990927
LA <= HR Q1 (26 deg),2.0,release_spin_rate,157,1120,2150.203821656051,2201.5642857142857,-51.36046405823481,27.219027050398395,-0.1580517630969325,0.0837612216708312,-0.3222237575717617,0.006120231377896662,-1.8869324007480666,0.06057006575557186
LA <= HR Q1 (26 deg),2.0,outs_when_up,161,1132,0.9565217391304348,1.010600706713781,-0.05407896758334618,0.07082588130842354,-0.06569863695868522,0.08604387382561658,-0.2343446296568937,0.10294735573952327,-0.7635481067697549,0.4460246876997285
LA <= HR Q1 (26 deg),2.0,runners_on,161,1132,0.4161490683229814,0.4372791519434629,-0.02113008362048152,0.04166679077854639,-0.04265565962682394,0.08411346008441678,-0.20751804139228083,0.12220672213863296,-0.5071204963392834,0.6126061414068923
LA <= HR Q1 (26 deg),2.0,home_score,161,1132,2.4161490683229814,2.2217314487632507,0.1944176195597307,0.21562326888238537,0.07536039880757933,0.08358015889695723,-0.08845671263045685,0.2391775102456155,0.9016541701061884,0.36827221835466095
LA <= HR Q1 (26 deg),2.0,away_score,161,1132,2.260869565217391,2.396643109540636,-0.13577354432324507,0.21677405608760475,-0.05270203826186171,0.08414330387449409,-0.21762291385587013,0.11221883733214671,-0.6263366879492951,0.5317794707180694
LA <= HR Q1 (26 deg),2.0,bat_score,161,1132,2.4161490683229814,2.3180212014134276,0.09812786690955377,0.22138597188426723,0.038274040195988075,0.08634994169939877,-0.13097184553483351,0.20751992592680965,0.4432433820190358,0.6580646296916097
LA <= HR Q1 (26 deg),2.0,fld_score,161,1132,2.260869565217391,2.3003533568904593,-0.03948379167306815,0.21091710259914853,-0.015223266857581678,0.08132064327258844,-0.174611727671855,0.14416519395669164,-0.18720052184723845,0.8516772786458242
LA <= HR Q1 (26 deg),2.0,score_diff,161,1132,0.15527950310559005,0.0176678445229682,0.13761165858262187,0.26955933721230996,0.04277994800191665,0.08379910937887648,-0.12146630638068126,0.20702620238451455,0.5105059984408419,0.6102343700261847
LA <= HR Q1 (26 deg),2.0,bat_win_exp,161,1132,0.5138633540372671,0.5239240282685512,-0.010060674231284095,0.025086578039277087,-0.03398522967923536,0.08474313917051218,-0.20008178245343924,0.1321113230949685,-0.40103812546822787,0.6888066490591729
LA <= HR Q1 (26 deg),2.0,home_win_exp,161,1132,0.5309316770186335,0.5012614840989398,0.02967019291969375,0.02500124906868112,0.10028339861431906,0.08450266006009849,-0.06534181510347398,0.2659086123321121,1.1867484235762196,0.23668520499535325
LA <= HR Q1 (26 deg),2.0,n_thruorder_pitcher,161,1132,1.565217391304348,1.588339222614841,-0.023121831310493057,0.06754689063319869,-0.029118688474052155,0.08506579082455219,-0.19584763849017445,0.13761026154207012,-0.34230785597596236,0.7324690026526076
LA <= HR Q1 (26 deg),2.0,release_speed,161,1132,89.31242236024845,89.35247349823321,-0.040051137984761453,0.45031767195039213,-0.007225497981592614,0.0812403740186116,-0.16645663105807135,0.15200563509488613,-0.0889397429403427,0.9292112214802661
LA <= HR Q1 (26 deg),2.0,effective_speed,160,1132,89.07375,89.22093639575972,-0.14718639575971793,0.45716065557059476,-0.025987914312060004,0.08071841070970297,-0.18419599930307784,0.1322201706789578,-0.32195770560353787,0.7477908517944365
LA <= HR Q1 (26 deg),2.0,plate_x,161,1132,-0.04726788567565949,-0.01170350761906436,-0.035564378056595125,0.036981339849187285,-0.08057863813355881,0.08378906547050445,-0.24480520645574752,0.0836479301886299,-0.9616844116959894,0.33731636897770556
LA <= HR Q1 (26 deg),2.0,plate_z,161,1132,2.401250607468795,2.4012634264443737,-1.2818975578809955e-05,0.04485793460283032,-2.4276695027685076e-05,0.08495237323994109,-0.16653092824531224,0.16648237485525685,-0.00028576829700940214,0.9997722665887483
LA <= HR Q1 (26 deg),2.0,pfx_x,161,1132,-0.15124223602484474,-0.14193462897526501,-0.009307607049579725,0.07579547791640301,-0.010538422511485911,0.08581848873595518,-0.17874266043395806,0.15766581541098626,-0.12279897568355397,0.9023876028606929
LA <= HR Q1 (26 deg),2.0,pfx_z,161,1132,0.785527950310559,0.7325441696113074,0.05298378069925158,0.05522486169207496,0.07828405996062948,0.08159527929045905,-0.08164268744867026,0.23821080736992922,0.9594189840561432,0.3384141292553553
LA <= HR Q1 (26 deg),2.0,zone,161,1132,6.068322981366459,6.020318021201414,0.04800496016504585,0.25379893048275426,0.01569801989225171,0.08299435403451251,-0.1469709140153928,0.17836695379989626,0.1891456361685015,0.8501594150294236
LA <= HR Q1 (26 deg),5.0,lineup_sequence_proxy,454,2784,1.3127753303964758,1.3024425287356323,0.010332801660843494,0.028462440047529944,0.018430515460133565,0.0507681709711926,-0.08107509964340393,0.11793613056367105,0.36303288276017665,0.7167066248158345
LA <= HR Q1 (26 deg),5.0,at_bat_number,454,2784,37.37665198237885,38.42169540229885,-1.045043419919999,1.137769011944512,-0.04641267343757708,0.050530820626398375,-0.14545308186531788,0.05262773499016373,-0.9185022697480222,0.35871800447583924
LA <= HR Q1 (26 deg),5.0,pitch_number,454,2784,3.550660792951542,3.38433908045977,0.16632171249177174,0.09299491396598139,0.08897993388299912,0.04975105878949857,-0.008532141344418084,0.1864920091104163,1.7885033212957662,0.0741778520184275
LA <= HR Q1 (26 deg),5.0,inning,454,2784,4.8039647577092515,4.937859195402299,-0.13389443769304776,0.13107661794795397,-0.051604478584257985,0.05051845797581905,-0.15062065621686332,0.047411699048347355,-1.021497501150149,0.30742246642333887
LA <= HR Q1 (26 deg),5.0,launch_speed,454,2784,102.46541850220265,99.3212643678161,3.144154134386554,0.16340927568024374,0.8697079476723999,0.045200820223219265,0.7811143400348901,0.9583015553099097,19.240977118942606,2.8104974649731455e-67
LA <= HR Q1 (26 deg),5.0,launch_angle,454,2784,23.88546255506608,24.075790229885058,-0.1903276748189775,0.09376215479858456,-0.10169909271263344,0.050100575667027254,-0.19989622102000687,-0.00350196440526003,-2.0298986859658936,0.04279348758657515
LA <= HR Q1 (26 deg),5.0,release_spin_rate,446,2745,2186.2600896860986,2205.0994535519126,-18.839363865813993,16.185125708826188,-0.059354158627963484,0.05099187666725882,-0.15929823689579078,0.04058991963986381,-1.1639924338394467,0.24488981405203594
LA <= HR Q1 (26 deg),5.0,outs_when_up,454,2784,0.920704845814978,0.9637212643678161,-0.04301641855283811,0.04215315332835997,-0.052283764628838665,0.05123451977472705,-0.1527034233873037,0.04813589412962636,-1.0204792561484919,0.3079130523318021
LA <= HR Q1 (26 deg),5.0,runners_on,454,2784,0.44493392070484583,0.4468390804597701,-0.0019051597549242794,0.025179322006440772,-0.003830383352495529,0.050623815452383585,-0.10305306163916735,0.0953922949341763,-0.07566366379670378,0.9397114934082795
LA <= HR Q1 (26 deg),5.0,home_score,454,2784,2.3303964757709252,2.187140804597701,0.14325567117322402,0.13255342338718515,0.05473584863651732,0.05064667987908095,-0.04453164392648134,0.15400334119951598,1.0807391277611735,0.2802405620550727
LA <= HR Q1 (26 deg),5.0,away_score,454,2784,2.350220264317181,2.322198275862069,0.028021988455111835,0.13434429912899862,0.010599585836919142,0.050817019377466556,-0.08900177214291531,0.11020094381675359,0.20858338341699834,0.8348435131910265
LA <= HR Q1 (26 deg),5.0,bat_score,454,2784,2.3348017621145374,2.2557471264367814,0.07905463567775595,0.1291734577953071,0.031038855403732794,0.05071677636782613,-0.06836602627720642,0.130443737084672,0.6120037121173049,0.5407639776466011
LA <= HR Q1 (26 deg),5.0,fld_score,454,2784,2.345814977973568,2.2535919540229883,0.09222302395057991,0.13761030026838997,0.03400182409230694,0.05073571677201452,-0.06544018078084152,0.1334438289654554,0.6701752977118107,0.5030005229580589
LA <= HR Q1 (26 deg),5.0,score_diff,454,2784,-0.011013215859030838,0.0021551724137931034,-0.01316838827282394,0.16226152388829088,-0.004082214690936473,0.050301248935491226,-0.10267266260449928,0.09450823322262633,-0.08115533465524293,0.9353447824074231
LA <= HR Q1 (26 deg),5.0,bat_win_exp,454,2784,0.5210154185022027,0.5209155890804598,9.982942174291409e-05,0.014601304152077894,0.00034475923859433297,0.050425359719284926,-0.09848894581120411,0.09917846428839279,0.006837020906020062,0.99454711116355
LA <= HR Q1 (26 deg),5.0,home_win_exp,454,2784,0.5122797356828194,0.5066900143678161,0.005589721315003238,0.014628098225072082,0.019264740041359425,0.050415126931121726,-0.07954890874363915,0.11807838882635802,0.38212221636730864,0.7025029724977387
LA <= HR Q1 (26 deg),5.0,n_thruorder_pitcher,454,2784,1.618942731277533,1.567169540229885,0.05177319104764799,0.040933359744806455,0.0653912522955496,0.05170018691553554,-0.03594111405890006,0.16672361864999924,1.2648165547714874,0.2064352631120535
LA <= HR Q1 (26 deg),5.0,release_speed,454,2784,89.38810572687225,89.3588002873563,0.029305439515951548,0.2822649451870529,0.005156331205509804,0.04966489392855832,-0.09218686089446451,0.10249952330548412,0.10382245480936804,0.9173433765647077
LA <= HR Q1 (26 deg),5.0,effective_speed,453,2784,89.14128035320088,89.23613505747127,-0.09485470427038933,0.29301469080531956,-0.016115755868621233,0.04978301560539652,-0.1136904664551984,0.08145895471795594,-0.3237199609674563,0.7462583331084132
LA <= HR Q1 (26 deg),5.0,plate_x,454,2784,-0.025800066026978093,-0.021732244700846507,-0.004067821326131586,0.0216060755807198,-0.009355610290426208,0.04969196206828918,-0.106751855944273,0.08804063536342058,-0.18827210480377612,0.8507241939063119
LA <= HR Q1 (26 deg),5.0,plate_z,454,2784,2.378492561351019,2.4010382918056727,-0.02254573045465369,0.025747406281566413,-0.04391812347450796,0.05015485173552008,-0.14222163287612732,0.0543853859271114,-0.8756505493446565,0.381559844037745
LA <= HR Q1 (26 deg),5.0,pfx_x,454,2784,-0.14680616740088107,-0.1696875,0.022881332599118925,0.04409448982244483,0.02633220209159169,0.050744641383997015,-0.07312729502104245,0.12579169920422584,0.5189159165069179,0.6040082588607381
LA <= HR Q1 (26 deg),5.0,pfx_z,454,2784,0.809603524229075,0.751271551724138,0.058331972504937046,0.033418557192093745,0.08674650723951118,0.04969732702168815,-0.0106602537229976,0.18415326820201994,1.7454964368939718,0.08138781489972756
LA <= HR Q1 (26 deg),5.0,zone,454,2784,5.918502202643172,6.065373563218391,-0.14687136057521943,0.14433735693342928,-0.04947871846411951,0.04862505133467956,-0.14478381908009144,0.04582638215185242,-1.0175561178036456,0.30926731979250693
