outcome_set,outcome,bandwidth_ft,optimal_bw,is_optimal_bw,n,reduced_form_kink,first_stage_kink,rpkd_estimate,se,ci_lower,ci_upper,p_value
1,pitcher_replaced,10,20.0,False,19158,-0.0005249579711620857,0.0019856648369654005,-0.2643739071113102,0.571554041902619,-1.3846198292404435,0.855872015017823,0.6436849668711031
1,pitcher_replaced,20,20.0,True,39652,-0.0005867038321165301,0.007382875322351079,-0.07946820263107113,0.049271435986044686,-0.1760402171637187,0.01710381190157645,0.10677371701224025
1,pitcher_replaced,30,20.0,False,59186,-0.0001888214088893519,0.008706152135341212,-0.021688273528194163,0.0229288665046714,-0.0666288518773501,0.02325230482096178,0.344202736963255
1,mean_release_speed,10,20.0,False,17864,0.0430432539333154,0.002333888447767747,18.442721191102436,15.608376515727786,-12.149696779724025,49.035139161928896,0.2373679252340175
1,mean_release_speed,20,20.0,True,37022,0.004602420102757665,0.00755977876344088,0.608803543962819,0.8825862011359245,-1.1210654102635929,2.338672498189231,0.4903231167586948
1,mean_release_speed,30,20.0,False,55279,-0.0004017947101323952,0.008892123859242162,-0.04518546035712085,0.4110334879142351,-0.8508110966690217,0.7604401759547799,0.9124638308244231
1,mean_spin_rate,10,20.0,False,18584,-0.20312783599428164,0.0018773037686420327,-108.20190071914482,805.123418056406,-1686.2438001097005,1469.839998671411,0.8930928486068868
1,mean_spin_rate,20,20.0,True,38523,0.030727148802246362,0.0072921010919806874,4.213757929938438,72.2691208666103,-137.43371896861774,145.8612348284946,0.9535045073329473
1,mean_spin_rate,30,20.0,False,57491,-0.06809552887176933,0.008668326911632909,-7.855671523000018,33.54562977337931,-73.60510587882347,57.893762832823434,0.8148462606182183
1,fastball_pct,10,20.0,False,18646,-0.00019499101185102837,0.00181010948723121,-0.10772332459805602,0.8756959760029713,-1.8240874375638798,1.6086407883677678,0.9020955959811132
1,fastball_pct,20,20.0,True,38629,-0.00012325029210881247,0.0072727210906275,-0.016946929570508015,0.0760281474137383,-0.16596209850143506,0.13206823936041906,0.8236107206881595
1,fastball_pct,30,20.0,False,57660,-0.00025657283922443994,0.008661573160411965,-0.02962196756555904,0.03518646961115281,-0.09858744800341854,0.03934351287230045,0.3998681320269506
1,breaking_pct,10,20.0,False,18646,-0.0006341094489412226,0.00181010948723121,-0.3503155214722247,0.9106644799197892,-2.1352179021150115,1.434586859170562,0.7004736121219326
1,breaking_pct,20,20.0,True,38629,-0.0008594531763810987,0.0072727210906275,-0.11817491220565203,0.07418047488068444,-0.26356864297179355,0.02721881856048948,0.11114381390920203
1,breaking_pct,30,20.0,False,57660,-9.492900509089095e-05,0.008661573160411965,-0.01095978794299948,0.033996855569764145,-0.07759362485973721,0.05567404897373825,0.7471674708852443
1,zone_pct,10,20.0,False,18646,0.0018979552447951687,0.00181010948723121,1.0485306320880787,1.202205674339826,-1.30779248961798,3.4048537537941375,0.3831143231190026
1,zone_pct,20,20.0,True,38629,0.000950419749554034,0.0072727210906275,0.13068282664914221,0.06524925119044625,0.002794294315867557,0.2585713589824169,0.045196083490216754
1,zone_pct,30,20.0,False,57660,0.00034488159210076675,0.008661573160411965,0.03981743105017696,0.029729549399180197,-0.018452485772216226,0.09808734787257015,0.1804659628763028
1,whiff_pct,10,20.0,False,18508,-0.0020765338024111447,0.0017445202798932436,-1.1903179494928078,1.4475122784531074,-4.027442015260898,1.6468061162752825,0.41089493340927685
1,whiff_pct,20,20.0,True,38355,4.374975642641987e-05,0.007300987828310135,0.005992306446091701,0.07773286353990405,-0.14636410609212025,0.15834871898430364,0.9385531762928201
1,whiff_pct,30,20.0,False,57244,0.000257949692765246,0.008687380589846569,0.029692459090226383,0.03589652345745785,-0.040664726886391,0.10004964506684377,0.4081417899304953
1,swing_pct,10,20.0,False,18646,0.0005253487990766729,0.00181010948723121,0.2902303992010229,0.737403909342183,-1.1550812631096559,1.7355420615117017,0.6938881768982388
1,swing_pct,20,20.0,True,38629,0.00023138645145725335,0.0072727210906275,0.0318156641199187,0.05958437077018859,-0.08496970258965095,0.14860103082948833,0.5933692842639704
1,swing_pct,30,20.0,False,57660,1.6297951080348595e-05,0.008661573160411965,0.0018816386790841844,0.02758123900234887,-0.0521775897655196,0.05594086712368797,0.9456091627429646
1,runs_allowed,10,20.0,False,18646,0.00016993108054523239,0.00181010948723121,0.0938788961352627,2.833470546879088,-5.45972337574775,5.647481168018276,0.9735692259450124
1,runs_allowed,20,20.0,True,38629,-0.0018632578124121982,0.0072727210906275,-0.2561981669850389,0.24736942331505024,-0.7410422366825373,0.22864590271245955,0.3003465458395047
1,runs_allowed,30,20.0,False,57660,-0.002023871912091228,0.008661573160411965,-0.23366100760326175,0.11462333815395533,-0.4583227503850142,-0.008999264821509312,0.0414987931253572
2,mean_opp_release_speed,10,20.0,False,26534,-0.0010387985673283523,0.0028236944008121936,-0.3678863289984771,5.323553974750629,-10.80205211950971,10.066279461512757,0.9449057224065818
2,mean_opp_release_speed,20,20.0,True,54987,0.003104221976078833,0.006890158249238501,0.4505298519699328,0.7617617508510159,-1.0425231796980585,1.943582883637924,0.5542313774043102
2,mean_opp_release_speed,30,20.0,False,82282,0.0025102962681526997,0.008578975865584313,0.29261024946148667,0.33469975395246443,-0.36340126828534364,0.948621767208317,0.38198376579973226
2,mean_opp_spin_rate,10,20.0,False,26577,0.09370120741698731,0.0029897217049726418,31.341113542822125,375.77543930340374,-705.1787474918492,767.8609745774934,0.9335304375438642
2,mean_opp_spin_rate,20,20.0,True,55080,0.2898910613498423,0.0069325296555820815,41.81605788248186,56.75486060830614,-69.42346890979817,153.0555846747619,0.46125387903555004
2,mean_opp_spin_rate,30,20.0,False,82388,0.4025878800788766,0.008583791434874255,46.90093918676091,25.208226305911907,-2.50718437282643,96.30906274634825,0.06280901995150856
2,opp_fastball_pct,10,20.0,False,26610,-0.000413545463296317,0.002882087640697653,-0.14348816373821724,0.3438170618679724,-0.8173696049994431,0.5303932775230086,0.6764306894778607
2,opp_fastball_pct,20,20.0,True,55148,-0.0003956569202951053,0.006894347828621434,-0.05738859281984026,0.04969646242227174,-0.15479365916749288,0.04001647352781235,0.2481796065551325
2,opp_fastball_pct,30,20.0,False,82499,-0.0001432078685197113,0.008572846529760283,-0.01670482120758503,0.021913449436160717,-0.05965518210246004,0.026245539687289977,0.44587556329405187
2,opp_breaking_pct,10,20.0,False,26610,-0.00020351995190704647,0.002882087640697653,-0.07061546256719015,0.34089604730939516,-0.7387717152936046,0.5975407901592245,0.8358953573245331
2,opp_breaking_pct,20,20.0,True,55148,0.00013574835470549766,0.006894347828621434,0.019689803601429454,0.049598723360266446,-0.07752369418469278,0.11690330138755169,0.6913806865953867
2,opp_breaking_pct,30,20.0,False,82499,8.636017124568154e-05,0.008572846529760283,0.010073686837374933,0.02199593474663843,-0.03303834526603639,0.053185718940786254,0.6469671811090689
2,opp_zone_pct,10,20.0,False,26610,0.0007778862679449098,0.002882087640697653,0.2699037520443378,0.27457512016937075,-0.26826348348762885,0.8080709875763045,0.32561387560462696
2,opp_zone_pct,20,20.0,True,55148,7.76913230739515e-05,0.006894347828621434,0.011268842971835719,0.03522132869138138,-0.05776496126327179,0.08030264720694323,0.7490109936025457
2,opp_zone_pct,30,20.0,False,82499,1.260377047486305e-05,0.008572846529760283,0.0014701966763442668,0.015548797200671123,-0.029005445836971136,0.03194583918965967,0.9246693081160053
2,opp_whiff_pct,10,20.0,False,26610,-0.00022667173719313288,0.002882087640697653,-0.07864845398603616,0.32852982408013676,-0.7225669091831042,0.5652700012110319,0.8107991727987984
2,opp_whiff_pct,20,20.0,True,55148,0.000254239816166875,0.006894347828621434,0.03687655779585344,0.047806283887056066,-0.056823758622776444,0.13057687421448333,0.44048486794446173
2,opp_whiff_pct,30,20.0,False,82499,3.450362764018117e-05,0.008572846529760283,0.0040247574152183,0.02106064531487247,-0.03725410740193174,0.04530362223236834,0.848444714510816
2,opp_swing_pct,10,20.0,False,26610,0.000812793649306301,0.002882087640697653,0.28201559100040136,0.2638055298348757,-0.235043247475955,0.7990744294767578,0.28505689381753885
2,opp_swing_pct,20,20.0,True,55148,-0.0001486043211407835,0.006894347828621434,-0.021554514630646046,0.03287656165221765,-0.08599257546899264,0.042883546207700546,0.5120689811574257
2,opp_swing_pct,30,20.0,False,82499,1.3616217243916232e-05,0.008572846529760283,0.0015882959290882085,0.014555627557297756,-0.026940734083215394,0.030117325941391812,0.9131080829486309
2,opp_runs_allowed,10,20.0,False,26610,-0.002805433501275278,0.002882087640697653,-0.9734032586865333,1.9861835022502146,-4.866322923096954,2.919516405723887,0.6240721427694287
2,opp_runs_allowed,20,20.0,True,55148,-0.003927571737705626,0.006894347828621434,-0.5696799516555531,0.2840915741074109,-1.1264994369060783,-0.012860466405027693,0.04493432526554386
2,opp_runs_allowed,30,20.0,False,82499,-0.001342209299597897,0.008572846529760283,-0.15656518461382377,0.12470558767528417,-0.40098813645738074,0.08785776722973321,0.20930510684634251
3,off_runs_scored,10,20.0,False,26610,-0.002805433501275278,0.002882087640697653,-0.9734032586865333,1.9861835022502146,-4.866322923096954,2.919516405723887,0.6240721427694287
3,off_runs_scored,20,20.0,True,55148,-0.003927571737705626,0.006894347828621434,-0.5696799516555531,0.2840915741074109,-1.1264994369060783,-0.012860466405027693,0.04493432526554386
3,off_runs_scored,30,20.0,False,82499,-0.001342209299597897,0.008572846529760283,-0.15656518461382377,0.12470558767528417,-0.40098813645738074,0.08785776722973321,0.20930510684634251
3,off_swing_pct,10,20.0,False,26610,0.000812793649306301,0.002882087640697653,0.28201559100040136,0.2638055298348757,-0.235043247475955,0.7990744294767578,0.28505689381753885
3,off_swing_pct,20,20.0,True,55148,-0.0001486043211407835,0.006894347828621434,-0.021554514630646046,0.03287656165221765,-0.08599257546899264,0.042883546207700546,0.5120689811574257
3,off_swing_pct,30,20.0,False,82499,1.3616217243916232e-05,0.008572846529760283,0.0015882959290882085,0.014555627557297756,-0.026940734083215394,0.030117325941391812,0.9131080829486309
3,off_whiff_pct,10,20.0,False,26610,-0.00022667173719313288,0.002882087640697653,-0.07864845398603616,0.32852982408013676,-0.7225669091831042,0.5652700012110319,0.8107991727987984
3,off_whiff_pct,20,20.0,True,55148,0.000254239816166875,0.006894347828621434,0.03687655779585344,0.047806283887056066,-0.056823758622776444,0.13057687421448333,0.44048486794446173
3,off_whiff_pct,30,20.0,False,82499,3.450362764018117e-05,0.008572846529760283,0.0040247574152183,0.02106064531487247,-0.03725410740193174,0.04530362223236834,0.848444714510816
3,off_launch_speed_mean,10,20.0,False,26515,0.023053837637386075,0.0029145467542469397,7.909922050072833,14.75637659647241,-21.01257607901309,36.83242017915876,0.5919349364895057
3,off_launch_speed_mean,20,20.0,True,54941,-0.010555521903786873,0.006936253415120291,-1.5217901181028022,2.109916979042195,-5.657227397025505,2.6136471608199,0.4707520703419603
3,off_launch_speed_mean,30,20.0,False,82203,-0.01007879285204388,0.00858802166821243,-1.1735872639154332,0.9316203126144105,-2.999563076639678,0.6523885488088113,0.20776786091975485
3,off_launch_angle_mean,10,20.0,False,26515,0.03824565809554722,0.0029145467542469397,13.122334730028761,32.366253258819604,-50.31552165725766,76.56019111731518,0.6851595402911985
3,off_launch_angle_mean,20,20.0,True,54941,0.022199727127385778,0.006936253415120291,3.200535764594867,4.609431345476848,-5.833949672539755,12.235021201729488,0.4874658553317579
3,off_launch_angle_mean,30,20.0,False,82203,0.01584958478625753,0.00858802166821243,1.8455455049587193,2.033984697868383,-2.141064502863311,5.83215551278075,0.3642192748694857
3,off_hard_hit_pct,10,20.0,False,26515,-0.0002309706001422476,0.0029145467542469397,-0.07924751929461696,0.423390615136644,-0.9090931249624391,0.7505980863732052,0.8515245719610363
3,off_hard_hit_pct,20,20.0,True,54941,-8.640410932790444e-05,0.006936253415120291,-0.012456884741199438,0.061792553598786513,-0.133570289794821,0.10865652031242212,0.8402356964121347
3,off_hard_hit_pct,30,20.0,False,82203,-0.0001512450253705207,0.00858802166821243,-0.017611160196572013,0.027312684912804544,-0.07114402262566892,0.03592170223252489,0.5190582028307034
3,off_woba,10,20.0,False,26610,0.0007023461816208915,0.002882087640697653,0.24369355452732794,0.4415308187173384,-0.6217068501586553,1.109093959213311,0.580997167319476
3,off_woba,20,20.0,True,55148,-0.00027874551414552276,0.006894347828621434,-0.040431019883900986,0.06248064386743085,-0.16289308186406545,0.08203104209626347,0.5175693461960522
3,off_woba,30,20.0,False,82499,-6.596316060767281e-05,0.008572846529760283,-0.007694429193230559,0.02769718468411687,-0.06198091117409962,0.046592052787638505,0.7811616979325582
3,off_bb_pct,10,20.0,False,26610,-1.997812645177579e-05,0.002882087640697653,-0.006931824754274224,0.21472589860191318,-0.42779458601402404,0.4139309365054756,0.974247002847195
3,off_bb_pct,20,20.0,True,55148,5.79884854964888e-05,0.006894347828621434,0.00841101826277946,0.03126411912751449,-0.05286665522714894,0.06968869175270787,0.7879058019059701
3,off_bb_pct,30,20.0,False,82499,0.00011430236156614117,0.008572846529760283,0.013333069846677557,0.013812082569237043,-0.013738611989027046,0.04040475168238216,0.3343849089662214
3,off_k_pct,10,20.0,False,26610,-0.0016831752047307502,0.002882087640697653,-0.5840124987744343,0.514506919000867,-1.5924460600161336,0.42442106246726496,0.2563369269800724
3,off_k_pct,20,20.0,True,55148,0.00018811716979067811,0.006894347828621434,0.02728570917320446,0.06278706817974845,-0.09577694445910251,0.15034836280551142,0.6638707247665869
3,off_k_pct,30,20.0,False,82499,5.926910763466068e-05,0.008572846529760283,0.006913585520154877,0.027663808550812942,-0.04730747923943849,0.061134650279748244,0.802653507661649
4,next_ab_hit,10,20.0,False,20795,0.001834777733871353,0.0038179371086725783,0.48056782541116005,0.6873719044290374,-0.8666811072697531,1.8278167580920732,0.48446578634025794
4,next_ab_hit,20,20.0,True,42913,0.00104844654932099,0.007287638499242448,0.1438664321000522,0.12196236370416323,-0.09517980076010774,0.38291266496021215,0.23816055705006622
4,next_ab_hit,30,20.0,False,64068,0.0007331097498198506,0.008934074290266951,0.08205771812514727,0.054686957068917096,-0.025128717729930236,0.18924415398022476,0.13348522202145952
4,next_ab_walk,10,20.0,False,20795,0.00015447409240361068,0.0038179371086725783,0.040460093502514054,0.43643398393519833,-0.8149505150104747,0.8958707020155027,0.9261370490662177
4,next_ab_walk,20,20.0,True,42913,-0.000906149091840828,0.007287638499242448,-0.12434056545683797,0.08150180808806053,-0.2840841093094366,0.03540297839576065,0.12710521011789355
4,next_ab_walk,30,20.0,False,64068,-0.00048433934192793554,0.008934074290266951,-0.05421259396237497,0.036488195906536486,-0.12572945793918647,0.01730427001443654,0.1373433969802078
4,next_ab_k,10,20.0,False,20795,-0.0010062939605900067,0.0038179371086725783,-0.2635700725148601,0.6532813805378583,-1.5440015783690626,1.0168614333393422,0.686613045123782
4,next_ab_k,20,20.0,True,42913,0.000392849140646078,0.007287638499242448,0.05390623323137046,0.11801840862736003,-0.17740984767825518,0.28522231414099614,0.6478426767950245
4,next_ab_k,30,20.0,False,64068,0.00037442130899389254,0.008934074290266951,0.041909357011033405,0.05282354022568548,-0.061624781831310135,0.14544349585337696,0.42755407057556916
4,next_ab_swing_pct,10,20.0,False,20810,0.00032518522407888834,0.003832419410372543,0.08485115778267015,0.4339512822213215,-0.7656933553711199,0.9353956709364603,0.8449768573276506
4,next_ab_swing_pct,20,20.0,True,42940,0.000599460673603374,0.0072538570102811594,0.08264026610308645,0.08030057296093811,-0.07474885690035224,0.24002938910652513,0.30341544582999536
4,next_ab_swing_pct,30,20.0,False,64110,0.00010290658879485817,0.008908370937110173,0.011551673086060392,0.035787361747050044,-0.058591555938157694,0.08169490211027848,0.7468570256131555
4,next_ab_whiff_pct,10,20.0,False,19750,0.0015844510536809173,0.0038975534358696605,0.40652452358934216,0.5066008070198209,-0.5864130581695068,1.399462105348191,0.42228961148114497
4,next_ab_whiff_pct,20,20.0,True,40752,0.0009971216166740507,0.007278675527230276,0.13699217844561362,0.08999833760992314,-0.03940456326983571,0.31338892016106296,0.12796813531437534
4,next_ab_whiff_pct,30,20.0,False,60774,0.00036739196213605996,0.008869583190092093,0.04142155885594048,0.04047689580032198,-0.03791315691269059,0.12075627462457156,0.30614790788194934
4,next_ab_chase_pct,10,20.0,False,17035,0.002012545489709154,0.004374050959405435,0.4601102063938275,0.5586128707995448,-0.6347710203732803,1.5549914331609354,0.41012958966819735
4,next_ab_chase_pct,20,20.0,True,35099,0.0010195853499977046,0.0071007283724524636,0.14358883997777233,0.11359379010748732,-0.07905498863290283,0.3662326685884475,0.20621015520416108
4,next_ab_chase_pct,30,20.0,False,52294,3.430851331935616e-05,0.008604144650468616,0.003987440322436651,0.05118610639340866,-0.09633732820864432,0.10431220885351764,0.9379069368447306
4,next_ab_zone_swing_pct,10,20.0,False,19190,-0.0018495715308090338,0.003905399695376379,-0.4735934027440905,0.5820576448535301,-1.6144263866570094,0.6672395811688285,0.41584331954008125
4,next_ab_zone_swing_pct,20,20.0,True,39701,-0.0003247845381984671,0.007303602907531579,-0.04446908495854076,0.10297056897236702,-0.2462914001443801,0.15735323022729858,0.6658416503737097
4,next_ab_zone_swing_pct,30,20.0,False,59271,-0.00027781132822732123,0.008849171901428494,-0.0313940480896834,0.046830435715794726,-0.12318170209264107,0.06039360591327426,0.5026174779664532
4,next_ab_launch_speed,10,20.0,False,14301,0.05182310260220381,0.0008737349453499006,59.31215510837838,176.45341204585202,-286.5365325014916,405.1608427182483,0.736769119833985
4,next_ab_launch_speed,20,20.0,True,29587,0.0447741463156129,0.006180739467053928,7.24414069777231,5.820531683027592,-4.16410140096177,18.65238279650639,0.21328469880045686
4,next_ab_launch_speed,30,20.0,False,44082,0.014477604201504558,0.008362206541160655,1.7313138739449385,2.3519883275075304,-2.8785832479698206,6.341210995859698,0.46166589302109373
4,next_ab_woba,10,20.0,False,20795,0.0037294528902483467,0.0038179371086725783,0.976824076482759,0.907570475092305,-0.8020140546981588,2.755662207663677,0.2817901656953916
4,next_ab_woba,20,20.0,True,42913,0.0010763067075002608,0.007287638499242448,0.14768936571320646,0.15111165477204802,-0.14848947764000764,0.44386820906642055,0.3283946304296441
4,next_ab_woba,30,20.0,False,64068,0.0007252714049371599,0.008934074290266951,0.08118036422948624,0.06796899631994907,-0.05203886855761394,0.21439959701658642,0.2323319199378575
